[{
		"name": "help_faction",
		"helper": "This action will increase your corpo's share online",
		"helperTitle": "Corpo : Help your Corpo's Stock price"
	},
	{
		"name": "custom_star_message",
		"value": "Kanpai !",
		"help": "will display a event dialog window with currentStar as speaker, useful to make a answer from interaction if you have a star",
		"helper": "This action will display a event dialog window with currentStar as speaker, useful to make a answer from interaction if you have a star ",
		"helperTitle": "Dialog : Custom Star Message"
	},
	{
		"name": "clean_subtitle",
		"helper": "This action will clean any subtitle present",
		"helperTitle": "Dialog : clean subtitle"
	},
	{
		"name": "load_interact",
		"helper": "This action will force load and display an interact without check requirements",
		"tag": "myinteracttag",
		"helperTitle": "Interact : Force Load"
	},
	{
		"name": "unload_interact",
		"helper": "This action will unload an force loaded interact",
		"tag": "myinteracttag",
		"helperTitle": "Interact : Unload"
	},
	{
		"name": "clean_all_loaded_interact",
		"helper": "This action will clean any force loaded interacts",
		"helperTitle": "Interact : Unload all forceload interact"
	},
	{
		"name": "change_dialog_windows",
		"value": true,
		"window": "quest||speak||phone||Interact",
		"helper": "This action will open||close a specific dialog window",
		"helperTitle": "Dialog : open||close a specific dialog window "
	},
	{
		"name": "dialog",
		"dialog": "dialogTag",
		"helper": "This action will fire a dialog if the trigger requirements are met",
		"helperTitle": "Dialog : run a dialog"
	},
	{
		"name": "ressurect_group",
		"tag": "mygroup",
		"helper": "This action will ressurect every member of an group",
		"helperTitle": "Group : Ressurect"
	},
	{
		"name": "ressurect_entity",
		"tag": "dialogTag",
		"helper": "This action will ressurect an entity",
		"helperTitle": "Entity : ressurect"
	},
	{
		"name": "npc_chat",
		"title": "This is an Example of a Title",
		"type": 1,
		"target": "player",
		"speaker": "Judy",
		"duration": 3,
		"helper": "This action will fire a npc chat above the head of the NPC, The duration must complete in order for the next action to call. Type value just keep at 1 for now.",
		"helperTitle": "Dialog : run a npc chat"
	},
	{
		"name": "random_npc_chat",
		"title": [
			"Hey you're finally awake!",
			"Hey! Listen!",
			"I'm all out of gum"
		],
		"type": 1,
		"target": "player",
		"speaker": "Judy",
		"duration": 3,
		"helper": "This action will fire a npc chat Above the Npc's Head, The duration must complete in order for the next action to call. Type value just keep at 1 for now.",
		"helperTitle": "Dialog : run a random npc chat"
	},
	{
		"name": "subtitle",
		"title": "Hey you're finally awake!",
		"type": 1,
		"target": "player",
		"speaker": "Judy",
		"duration": 3,
		"helper": "This action will fire a subtitle on your bottom portion of the screen, The duration must complete in order for the next action to call. Type value just keep at 1 for now.",
		"helperTitle": "Dialog : run a subtitle"
	},
	{
		"name": "news_subtitle",
		"title": "Hey you're finally awake!",
		"target": "player",
		"usecorponews":true,
		"speaker": "Judy",
		"duration": 3,
		"helper": "This action will fire a radio subtitle on your bottom portion of the screen, The duration must complete in order for the next action to call. usecorponews field at true will display an random CorpoNews ",
		"helperTitle": "Dialog : run a radio subtitle"
	},
	{
		"name": "do_random_dialog",
		"dialog": [
			"dialogTAG1",
			"dialogTAG2",
			"dialogTAG3",
			"dialogTAG4"
		],
		"helper": "This action will fire a random dialog from the list of your dialog tags. NOTE: Which ever one is in the list, Their Trigger requirements have to be met.",
		"helperTitle": "Dialog : run random dialog"
	},
	{
		"name": "random_subtitle",
		"title": [
			"Donk is my lover",
			"16 time the detail",
			"You were trying to cross the boarder right?"
		],
		"type": 1,
		"target": "player",
		"speaker": "Judy",
		"duration": 3,
		"helper": "This action will fire a random subtitle on your bottom portion of the screen, The duration must complete in order for the next action to call. Type value just keep at 1 for now.",
		"helperTitle": "Dialog : run random subtitle"
	},

	{
		"name": "choose_target",
		"helper": "This action will set the current looked at entity as Target",
		"helperTitle": "Entity : Choose Target"
	},
	{
		"name": "npc_custom_copy",
		"sourcetag": "judy",
		"newtag": "judy02",
		"newname": "Judy Evil Twins",
		"helper": "This action will copy a custom NPC and add it to the  entity manager",
		"helperTitle": "Entity : Custom NPC : Copy NPC"
	},
	{
		"name": "npc_custom_summon_custom_npc",
		"tag": "TagExample",
		"x": -10,
		"y": -10,
		"z": 0,
		"dospawnaction": true,
		"doroutineaction": true,
		"dodeathaction": true,
		"dodespawnaction": true,
		"replacelocation": true,
		"group": "",
		"helper": "This action will summon a custom NPC at XYZ",
		"helperTitle": "Entity : Custom NPC : Spawn a custom NPC to XYZ"
	},
	{
		"name": "npc_custom_set_autodespawn",
		"value": true,
		"group": "",
		"helper": "This action will set the auto despawn functionality to your specifications",
		"helperTitle": "Entity : Custom NPC : Spawn a custom NPC to XYZ"
	},
	{
		"name": "npc_custom_set_autoroutine",
		"value": true,
		"group": "",
		"helper": "This action will set the routine action auto functionality to your specification.",
		"helperTitle": "Entity : Custom NPC : Spawn a custom NPC to XYZ"
	},
	{
		"name": "npc_custom_summon_custom_npc_at_entity_relative",
		"entity": "player||entityTAG",
		"x": -10,
		"y": -10,
		"z": 0,
		"tag": "batty",
		"spawnlevel": 98,
		"position": "behind||forward",
		"dospawnaction": true,
		"doroutineaction": true,
		"dodeathaction": true,
		"dodespawnaction": true,
		"replacelocation": true,
		"distance": 0,
		"group": "",
		"helper": "This action will summon a custom NPC at XYZ relative position from another entity ",
		"helperTitle": "Entity : Custom NPC : Spawn a custom NPC to another entity relative position"
	},
	{
		"name": "npc_custom_edit_custom_npc",
		"tag": "batty",
		"x": 0,
		"y": 0,
		"z": 0,
		"range": 0,
		"appeareance": "",
		"dospawnaction": true,
		"doroutineaction": true,
		"dodeathaction": true,
		"dodespawnaction": true,
		"replacelocation": true,
		"repeat_routine": true,
		"auto_despawn": true,
		"helper": "This action will summon a custom NPC at XYZ relative position from another entity ",
		"helperTitle": "Entity : Custom NPC : Spawn a custom NPC to another entity relative position"
	},
	{
		"name": "npc_custom_despawn_custom_npc",
		"tag": "batty",
		"helper": "This action will despawn a custom NPC",
		"helperTitle": "Entity : Custom NPC : despawn a custom NPC"
	},
	{
		"name": "despawnAll",
		"helper": "This action will despawn all custom entity that IRP call ",
		"helperTitle": "Entity : Despawn All"
	},
	{
		"name": "despawn_entity",
		"tag": "blue01",
		"helper": "This action will despawn a custom entity ",
		"helperTitle": "Entity : Despawn a entity"
	},
	{
		"name": "despawn_lookat",
		"helper": "This action will despawn the entity that you look at",
		"helperTitle": "Entity : Despawn the looked entity"
	},
	{
		"name": "equip_weapon_entity_from_current_player",
		"tag": "blue01",
		"helper": "This action will equip entity with the current weapon of the player",
		"helperTitle": "Entity : Equip Player current weapons"
	},
	{
		"name": "entity_hold_position",
		"stealth": true,
		"timer": 5,
		"tag": "blue01",
		"helper": "This action will make a custom entity hold position for x seconds",
		"helperTitle": "Entity : Hold position"
	},
	{
		"name": "kill_entity",
		"tag": "blue01",
		"helper": "This action will kill a custom entity ",
		"helperTitle": "Entity : Kill"
	},
	{
		"name": "look_at_entity_entity",
		"tag": "blue01",
		"entity": "blue02||player",
		"helper": "This action will make the entity look at to another custom entity ",
		"helperTitle": "Entity : Look at another entity"
	},
	{
		"name": "move_entity_at_player_lookat",
		"distance": 10,
		"move": "Walk",
		"tag": "blue01",
		"helper": "This action will move a custom entity at where the Player is looking at",
		"helperTitle": "Entity : Move to Player look at position"
	},
	{
		"name": "move_entity_at_entity_relative",
		"entity": "judy01||player",
		"x": -10,
		"y": -10,
		"z": 0,
		"move": "Walk",
		"tag": "blue01",
		"help": "Walk||Run||Sprint",
		"helper": "This action will move an entity at XYZ's relative position of another entity",
		"helperTitle": "Entity : Move to Entity relative"
	},
	{
		"name": "move_entity_at_position",
		"tag": "blue01",
		"x": -10,
		"y": -10,
		"z": 0,
		"move": "Walk",
		"helper": "This action will move a custom entity to XYZ",
		"helperTitle": "Entity : Move to position"
	},
	{
		"name": "move_entity_at_relative_position",
		"tag": "blue01",
		"x": -10,
		"y": -10,
		"z": 0,
		"move": "Walk",
		"helper": "This action will move a custom entity to XYZ from her relative position",
		"helperTitle": "Entity : Move to relative position"
	},
	{
		"name": "play_entity_facial",
		"tag": "blue01",
		"value": "Smile",
		"helper": "This action will change the facial expression of a custom entity ",
		"helperTitle": "Entity : Play facial expression"
	},
	{
		"name": "play_entity_voice",
		"tag": "blue01",
		"voice": "greeting",
		"helper": "This action will play a voice for a custom entity ",
		"helperTitle": "Entity : Play game voice"
	},
	{
		"name": "register_entity_you_look_at",
		"tag": "blue01",
		"group": "mygroup",
		"helper": "This action will register the looked entity",
		"helperTitle": "Entity : Register a looked entity"
	},
	{
		"name": "register_entity_you_look_at_as_companion",
		"helper": "This action will register the looked entity as companion",
		"helperTitle": "Entity : Register a looked entity as companion"
	},
	{
		"name": "register_entity_you_look_at_in_group",
		"group": "grouptag",
		"helper": "This action will register the looked entity in a group",
		"helperTitle": "Entity : Register a looked entity in a group"
	},
	{
		"name": "set_vehicule_to_garage",
		"tweakid": "Vehicle.cs_savable_archer_hella_police_siren",
		"enabled": true,
		"asAV": true,
		"helper": "This action will register vehicule in garage",
		"helperTitle": "Entity : Register vehicle to Garage"
	},
	{
		"name": "remove_effect",
		"tag": "judy01||player",
		"value": "Burning",
		"helper": "This action will remove effect to a entity",
		"helperTitle": "Entity : Remove Effect"
	},
	{
		"name": "reset_entity_facial",
		"tag": "blue01",
		"helper": "This action will reset a facial expression of a custom entity ",
		"helperTitle": "Entity : Reset Facial expression"
	},
	{
		"name": "reset_target",
		"helper": "This action will reset Target",
		"helperTitle": "Entity : Reset Target"
	},
	{
		"name": "follow_entity_to_entity",
		"entity": "judy01||player",
		"tag": "guy01",
		"move": "Walk",
		"stealth": false,
		"helper": "This action will rotate an entity to another one",
		"helperTitle": "Entity : Rotate to entity"
	},
	{
		"name": "rotate_entity_to_entity",
		"entity": "judy01||player",
		"tag": "guy01",
		"helper": "This action will rotate a custom entity to another one",
		"helperTitle": "Entity : Rotate to entity"
	},
	{
		"name": "rotate_entity",
		"yaw": 0,
		"pitch": 0,
		"roll": 0,
		"tag": "guy01",
		"helper": "This action will rotate a custom entity",
		"helperTitle": "Entity : Rotate"
	},
	{
		"name": "entity_set_seat",
		"tag": "player",
		"vehicle": "metroInside",
		"waitforsit": false,
		"seat": "seat_back_left",
		"help": "seat_front_right||seat_back_right||seat_back_left||seat_front_left",
		"helper": "This action will set seat to a entity for a specific vehicule entity",
		"helperTitle": "Entity : Set Seat"
	},
	{
		"name": "entity_set_seat_looked_av",
		"tag": "player",
		"seat": "seat_back_left",
		"help": "seat_front_right||seat_back_right||seat_back_left||seat_front_left",
		"helper": "This action will set seat to an entity in the Custom AV you are looking at.",
		"helperTitle": "Entity : Set Seat to Looked Custom AV"
	},
	{
		"name": "set_entity_appearance",
		"appearance": "judy_nude",
		"tag": "judy",
		"helper": "This action will change custom appearance of a custom entity ",
		"helperTitle": "Entity : Set appearance"
	},

	{
		"name": "spawn_npc",
		"tag": "blue01",
		"spawnlevel": 36,
		"use_police_prevention_system": false,
		"group": "grouptag",
		"scriptlevel":0,
		"appearance": "none",
		"create_group_if_not_exist": false,
		"source": "npc",
		"source_helper": "npc||current_star||faction||current_district_leader||current_subdistrict_leader||district_leader||subdistrict_leader||random||from_list||district_rival||subdistrict_rival||current_district_rival||current_subdistrict_rival",
		"source_gang": "faction_mox",
		"source_tag": "Character.Judy",
		"source_tag_helper": "Character.Judy||faction_mox||district_westbrook||NorthOaks",
		"source_list": ["Character.Judy"],
		"source_use_vip": false,
		"source_use_rival": false,

		"position": "at",
		"position_helper": "at||relative_to_entity||node||player_look_at||poi||mappin||fasttravel||custom_place||custom_room",
		"position_change_helper": "Write 'current' in position_tag for get current node,mappin, fasttravel, custom_place or custom_room. \n For poi if you write 'current' in position_poi_district you will get the current district, \n if you write 'current in position_poi_subdistrict you will get the current subdistrict. \n also if you write 'random' in position_poi_subdistrict or position_poi_district, you will get an 'random' value",
		"position_range": 50,
		"position_lookatdistance":0,		
		"position_tag": "judy01",
		"position_tag_helper": "judy01||playerhouse01||playerhouse_bed||",
		"position_way": "normal",
		"position_way_helper": "normal||behind||forward",
		"position_poi_district": "",
		"position_poi_subdistrict": "",
		"position_poi_is_for_car": false,
		"position_poi_from_position": false,
		"position_poi_use_location_tag": false,	
		"position_poi_type": 1,
		"position_distance": 5,
		"position_house_way": "default",
		"position_house_way_helper": "default||enter||exit",
		"position_house_tag": "playerhouse01",	
		"position_node_usegameplay": false,
		"x": 0,
		"y": 0,
		"z": 0,
		
		"amount": 1,
		"help": "This action will summon a custom npc with several custom parameter ",
		"helper": "This action will summon a custom npc with several custom parameter ",
		"helperTitle": "Entity : Spawn NPC"
	},

	{
		"name": "move",
		"tag": "blue01",
		"group":false,
		"move":"Walk",

		"position": "at",		
		"position_helper": "at||relative_to_entity||node||player_look_at||poi||mappin||fasttravel||custom_place||custom_room",
		"position_change_helper": "Write 'current' in position_tag for get current node,mappin, fasttravel, custom_place or custom_room. \n For poi if you write 'current' in position_poi_district you will get the current district, \n if you write 'current in position_poi_subdistrict you will get the current subdistrict. \n also if you write 'random' in position_poi_subdistrict or position_poi_district, you will get an 'random' value",
		"position_range": 50,
		"position_lookatdistance":0,		
		"position_tag": "judy01",
		"position_tag_helper": "judy01||playerhouse01||playerhouse_bed||",
		"position_way": "normal",
		"position_way_helper": "normal||behind||forward",
		"position_poi_district": "",
		"position_poi_subdistrict": "",
		"position_poi_is_for_car": false,
		"position_poi_from_position": false,
		"position_poi_use_location_tag": false,	
		"position_poi_type": 1,
		"position_distance": 5,
		"position_house_way": "default",
		"position_house_way_helper": "default||enter||exit",
		"position_house_tag": "playerhouse01",	
		"position_node_usegameplay": false,
		"x": 0,
		"y": 0,
		"z": 0,
		
		
		"moveV2":true,
		
		"roll": 0,
		"pitch": 0,
		"yaw": 0,
		
		"distance": 0,
		"distancetolerance": 0,
		
		
		"ignorenavigation": true,
		"stoponobstacle": false,
		"outofway": false,
		
		
		"help": "This action will move an entity with several custom parameter ",
		"helper": "This action will move an entity with several custom parameter ",
		"helperTitle": "Entity : Move To"
	},
	
	
	{
		"name": "teleport",
		"tag": "blue01",
		"group":false,

		"position": "at",		
		"position_helper": "at||relative_to_entity||node||player_look_at||poi||mappin||fasttravel||custom_place||custom_room",
		"position_change_helper": "Write 'current' in position_tag for get current node,mappin, fasttravel, custom_place or custom_room. \n For poi if you write 'current' in position_poi_district you will get the current district, \n if you write 'current in position_poi_subdistrict you will get the current subdistrict. \n also if you write 'random' in position_poi_subdistrict or position_poi_district, you will get an 'random' value",
		"position_range": 50,
		"position_lookatdistance":0,		
		"position_tag": "judy01",
		"position_tag_helper": "judy01||playerhouse01||playerhouse_bed||",
		"position_way": "normal",
		"position_way_helper": "normal||behind||forward",
		"position_poi_district": "",
		"position_poi_subdistrict": "",
		"position_poi_is_for_car": false,
		"position_poi_from_position": false,
		"position_poi_use_location_tag": false,	
		"position_poi_type": 1,		
		"position_distance": 5,
		"position_house_way": "default",
		"position_house_way_helper": "default||enter||exit",
		"position_house_tag": "playerhouse01",	
		"position_node_usegameplay": false,
		"x": 0,
		"y": 0,
		"z": 0,
		
		
		
		
		
		"help": "This action will teleport an entity with several custom parameter ",
		"helper": "This action will teleport an entity with several custom parameter ",
		"helperTitle": "Entity : Teleport To"
	},

{
		"name": "spawn_item",
		"tag": "item01",
		"path": "Character.Judy",
		"isentity":false,
		"position": "at",		
		"position_helper": "at||relative_to_entity||node||player_look_at||poi||mappin||fasttravel||custom_place||custom_room",
		"position_change_helper": "Write 'current' in position_tag for get current node,mappin, fasttravel, custom_place or custom_room. \n For poi if you write 'current' in position_poi_district you will get the current district, \n if you write 'current in position_poi_subdistrict you will get the current subdistrict. \n also if you write 'random' in position_poi_subdistrict or position_poi_district, you will get an 'random' value",
		"position_range": 50,
		"position_lookatdistance":0,		
		"position_tag": "judy01",
		"position_tag_helper": "judy01||playerhouse01||playerhouse_bed||",
		"position_way": "normal",
		"position_way_helper": "normal||behind||forward",
		"position_poi_district": "",
		"position_poi_subdistrict": "",
		"position_poi_is_for_car": false,
		"position_poi_from_position": false,
		"position_poi_use_location_tag": false,	
		"position_poi_type": 1,
		"position_distance": 5,
		"position_house_way": "default",
		"position_house_way_helper": "default||enter||exit",
		"position_house_tag": "playerhouse01",	
		"position_node_usegameplay": false,
		"x": 0,
		"y": 0,
		"z": 0,
		
		"yaw": 0,
		"pitch": 0,
		"roll": 0,
		"amount": 1,
		"help": "This action will summon a item with several custom parameter ",
		"helper": "This action will summon a item with several custom parameter ",
		"helperTitle": "Entity : Spawn Item"
	},
	{
		"name": "despawn_item",
		"tag": "item01",
		"helper": "This action will despawn an item that was previously spawned by spawn_item action",
		"helperTitle": "Entity : Despawn Item"
	},
	{
		"name": "entity_stop_fight",
		"tag": "blue01",
		"helper": "This action will interrupt entity",
		"helperTitle": "Entity : Stop Fight"
	},
	{
		"name": "swap_character",
		"swap": "Character.Panam",
		"target": "Character.Judy",
		"helper": "This action will swap character to another one ",
		"helperTitle": "Entity : Swap character"
	},
	{
		"name": "swap_character_current_star",
		"target": "Character.wbr_jpn_prostitute_female",
		"help": "If you plan to swap joytoys to your star follower, do the joytoy scene first, and then the npc will swap after scene ends",
		"helper": "This action will swap character to the current Star that you have ",
		"helperTitle": "Entity : Swap character by the current star"
	},
	{
		"name": "switch_primary_secondary_weapon_entity",
		"tag": "blue01",
		"helper": "This action will switch between primary and secondary weapon for entity",
		"helperTitle": "Entity : Switch weapons"
	},
	{
		"name": "teleport_entity_at_node",
		"node": "metro_arasaka",
		"tag": "player",
		"atgameplayposition": false,
		"offset": 0,
		"helper": "This action will teleport entity to a specific custom node",
		"helperTitle": "Entity : Teleport Entity at Node"
	},
	{
		"name": "teleport_entity_at_position",
		"tag": "blue01",
		"x": -10,
		"y": -10,
		"z": 0,
		"collision": false,
		"helper": "This action will teleport a custom entity at XYZ ",
		"helperTitle": "Entity : Teleport Entity at Position"
	},
	{
		"name": "teleport_entity_to_entity_relative",
		"entity": "judy01||player",
		"x": -10,
		"y": -10,
		"z": 0,
		"tag": "blue01",
		"helper": "This action will teleport a custom entity to another XYZ's relative entity position ",
		"helperTitle": "Entity : Teleport Entity to another entity relative position"
	},
	{
		"name": "teleport_entity_at_relative_position",
		"tag": "blue01",
		"x": -10,
		"y": -10,
		"z": 0,
		"helper": "This action will teleport a custom entity to entity's XYZ relative position",
		"helperTitle": "Entity : Teleport Entity to relative position"
	},
	{
		"name": "toggle_immortal_entity",
		"tag": "metroInside",
		"immortal": true,
		"helper": "This action will toggle immortal entity ",
		"helperTitle": "Entity : Toggle Immortality"
	},
	{
		"name": "unregister_entity",
		"tag": "blue01",
		"helper": "This action will unregister the entity ",
		"helperTitle": "Entity : Unregister a entity"
	},
	{
		"name": "entity_unset_seat",
		"tag": "judy01",
		"vehicle": "myvehiculetag",
		"waitforsit": false,
		"seat": "seat_back_right",
		"help": "seat_front_right||seat_back_right||seat_back_left||seat_front_left",
		"helper": "This action will unset seat to a entity for a specific vehicule entity",
		"helperTitle": "Entity : Unset Seat"
	},
	{
		"name": "apply_effect",
		"tag": "judy01||player",
		"value": "Burning",
		"helper": "This action will apply effect to a entity",
		"helperTitle": "Entity : apply effect to entity"
	},
	{
		"name": "change_character_preset",
		"preset": "Character.Panam",
		"target": "Character.Judy",
		"helper": "This action will change preset of character to another one ",
		"helperTitle": "Entity : change a preset of character to another one "
	},
	{
		"name": "attitude_entity_against_entity",
		"tag": "blue01",
		"entity": "judy01||player",
		"attitude": "hostile||companion||passive",
		"help": "companion will work only for entity player",
		"helper": "This action will change attitude of a custom entity to another one",
		"helperTitle": "Entity : change attitude against another entity"
	},
	{
		"name": "change_stance_entity",
		"tag": "blue01",
		"value": "stance",
		"helper": "This action will change the stance a custom entity",
		"helperTitle": "Entity : change the stance a custom entity"
	},
	{
		"name": "destroy_entity_you_look_at",
		"helper": "This action will destroy the looked entity",
		"helperTitle": "Entity : destroy a looked entity"
	},
	{
		"name": "teleport_entity_at_current_node",
		"atgameplayposition": false,
		"tag": "metroInside",
		"helper": "This action will teleport entity to current custom node",
		"helperTitle": "Entity : teleport a entity at current Node"
	},
	{
		"name": "do_event",
		"value": "myeventTag",
		"parallele":false,
		"help": "do a event",
		"helper": "This action will fire a custom event",
		"helperTitle": "Event : Do a event"
	},
	{
		"name": "do_random_event",
		"parallele":false,
		"events": [
			"event01",
			"event02",
			"event03",
			"event04",
			"event05",
			"event06"
		],
		"helper": "This action will do a random event in the list",
		"helperTitle": "Event : Do a random event from a list"
	},
	{
		"name": "do_function",
		"value": "myfunction",
		"parallele":false,
		"applyto":"",
		"helper": "This action will fire a function",
		"helperTitle": "Function : Do a function"
	},
	{
		"name": "do_random_function",
		"funcs": [
			"myfunction",
			"myfunction02"
		],
		"parallele":false,
		"helper": "This action will do a random function in the list",
		"helperTitle": "Function : Do a random function from a list"
	},
	{
		"name": "set_timedilation",
		"value": 0,
		"helper": "This action will set current time dilatation",
		"helperTitle": "Game : Set Time Dilatation"
	},
	{
		"name": "set_timedilationforplayer",
		"value": 0,
		"helper": "This action will set current time dilatation only for player",
		"helperTitle": "Game : Set Time Dilatation for Player"
	},
	{
		"name": "add_gang_district_score",
		"faction": "faction_mox",
		"district": "district_westbrook",
		"value": 5,
		"help": "refer to the quest_mod folder--> data folder--> db folder to find the district.json to use the proper district tag",
		"helper": "This action will add a value to the Gang District or SubDistrict Score ",
		"helperTitle": "Gang : Add District or SubDistrict Score"
	},
	{
		"name": "remove_gang_district_score",
		"faction": "faction_mox",
		"district": "district_westbrook",
		"value": 5,
		"help": "refer to the quest_mod folder--> data folder--> db folder to find the district.json to use the proper district tag",
		"helper": "This action will add a value to the Gang District or SubDistrict Score ",
		"helperTitle": "Gang : Remove District or SubDistrict Score"
	},
	{
		"name": "add_gang_currentdistrict_score",
		"faction": "faction_mox",
		"value": 5,
		"helper": "This action will add a value to the Gang District Score ",
		"helperTitle": "Gang : Add Current District Score"
	},
	{
		"name": "remove_gang_currentdistrict_score",
		"faction": "faction_mox",
		"value": 5,
		"helper": "This action will add a value to the Gang District Score ",
		"helperTitle": "Gang : Remove Current District Score"
	},
	{
		"name": "add_gang_currentsubdistrict_score",
		"faction": "faction_mox",
		"value": 5,
		"helper": "This action will add a value to the Gang District Score ",
		"helperTitle": "Gang : Remove Current Sub District Score"
	},
	{
		"name": "remove_gang_currentsubdistrict_score",
		"faction": "faction_mox",
		"value": 5,
		"helper": "This action will add a value to the Gang District Score ",
		"helperTitle": "Gang : Remove Current Sub District Score"
	},
	{
		"name": "add_leader_currentdistrict_score",
		"value": 5,
		"helper": "This action will add a value to the Gang District Score ",
		"helperTitle": "Gang : Add Current District Current Leader Score"
	},
	{
		"name": "remove_leader_currentdistrict_score",
		"value": 5,
		"helper": "This action will add a value to the Gang District Score ",
		"helperTitle": "Gang : Remove Current District Current Leader Score"
	},
	{
		"name": "add_leader_currentsubdistrict_score",
		"value": 5,
		"helper": "This action will add a value to the Gang District Score ",
		"helperTitle": "Gang : Remove Current Sub District Current Leader Score "
	},
	{
		"name": "remove_leader_currentsubdistrict_score",
		"value": 5,
		"helper": "This action will add a value to the Gang District Score ",
		"helperTitle": "Gang : Remove Current Sub District Current Leader  Score"
	},
	{
		"name": "set_gang_district_score",
		"faction": "faction_mox",
		"district": "district_westbrook",
		"value": 5,
		"help": "refer to the quest_mod folder--> data folder--> db folder to find the district.json to use the proper district tag",
		"helper": "This action will set a value to the Gang District Score ",
		"helperTitle": "Gang : Set District Score"
	},
	{
		"name": "set_gang_currentdistrict_score",
		"faction": "faction_mox",
		"value": 5,
		"helper": "This action will set a value to the Gang Current District Score ",
		"helperTitle": "Gang : Set Current District Score"
	},
	{
		"name": "set_gang_currentsubdistrict_score",
		"faction": "faction_mox",
		"value": 5,
		"helper": "This action will set a value to the Gang Current Sub District Score ",
		"helperTitle": "Gang : Set Current Sub District Score"
	},
	{
		"name": "gang_affinity",
		"value": "mymissionTag01",
		"score": 50,
		"helper": "This action will add affinity to a a specific gang (can be a negative value)",
		"helperTitle": "Gang : add Affinity"
	},
	{
		"name": "gang_affinity_from_current_district_leader",
		"score": 50,
		"helper": "This action will add affinity to current district leader gang (can be a negative value)",
		"helperTitle": "Gang : add Affinity to current District Leader"
	},
	{
		"name": "gang_affinity_from_current_district_leader_rival",
		"score": 50,
		"helper": "This action will add affinity to current district leader rival gang (can be a negative value)",
		"helperTitle": "Gang : add Affinity current District Leader Rival"
	},
	{
		"name": "gang_affinity_from_current_subdistrict_leader",
		"score": 50,
		"helper": "This action will add affinity to current district leader gang (can be a negative value)",
		"helperTitle": "Gang : add Affinity to current Sub District Leader"
	},
	{
		"name": "gang_affinity_from_current_subdistrict_leader_rival",
		"score": 50,
		"helper": "This action will add affinity to current district leader rival gang (can be a negative value)",
		"helperTitle": "Gang : add Affinity current Sub District Leader Rival"
	},
	{
		"name": "clean_group_circuit",
		"tag": "metroVeh",
		"helper": "This action will clean the circuit value for a group of entity ",
		"helperTitle": "Group : Clean circuit"
	},
	{
		"name": "remove_group",
		"tag": "grouptag",
		"helper": "This action will remove a group ",
		"helperTitle": "Group : Delete Group"
	},
	{
		"name": "despawn_group",
		"tag": "grouptag",
		"helper": "This action will despawn a group of entity ",
		"helperTitle": "Group : Despawn a group"
	},
	{
		"name": "look_at_entity_group",
		"tag": "gangteam",
		"entity": "judy01||player",
		"helper": "This action will make each entity of a group look at a entity",
		"helperTitle": "Group : Look at another entity"
	},
	{
		"name": "group_look_at_next_path_position",
		"tag": "metroVeh",
		"separate": false,
		"zoffset": 1,
		"helper": "This action will turn group of entity depending of a path setted before to the next path. (zoffset) will separate in Z position each entity, (separate) will separate each entity",
		"helperTitle": "Group : Look at next Path postion"
	},
	{
		"name": "move_group_at_entity_relative_position",
		"entity": "judy01||player",
		"x": -10,
		"y": -10,
		"z": 0,
		"move": "Walk",
		"tag": "grouptag",
		"helper": "This action will move a group of entity of another entity's XYZ relative position",
		"helperTitle": "Group : Move to another entity's relative position"
	},
	{
		"name": "move_group_at_position",
		"tag": "grouptag",
		"x": -10,
		"y": -10,
		"z": 0,
		"move": "Walk",
		"helper": "This action will move a group of entity",
		"helperTitle": "Group : Move to position"
	},
	{
		"name": "move_group_at_relative_position",
		"tag": "grouptag",
		"x": -10,
		"y": -10,
		"z": 0,
		"move": "Walk",
		"helper": "This action will move a group of entity of each's XYZ relative position ",
		"helperTitle": "Group : Move to relative position"
	},
	{
		"name": "play_group_facial",
		"tag": "gangteam",
		"value": "Smile",
		"helper": "This action will change play facial expression of each entity of a group",
		"helperTitle": "Group : Play facial expression"
	},
	{
		"name": "play_group_voice",
		"tag": "gangteam",
		"voice": "greeting",
		"helper": "This action will change play voice of each entity of a group",
		"helperTitle": "Group : Play game voice"
	},
	{
		"name": "remove_entity_from_group",
		"tag": "grouptag",
		"entities": [
			"blue01",
			"red01"
		],
		"helper": "This action will remove a entity of a group of entity",
		"helperTitle": "Group : Remove Entity"
	},
	{
		"name": "reset_group_facial",
		"tag": "gangteam",
		"helper": "This action will reset facial expression of each entity of a group",
		"helperTitle": "Group : Reset Facial expression"
	},
	{
		"name": "run_group_path",
		"tag": "metroVeh",
		"separate": false,
		"isrelative":false,
		"zoffset": 1,
		"helper": "This action will run path for a group of entity depending of a path setted before. (zoffset) will separate in Z position each entity, (separate) will separate each entity",
		"helperTitle": "Group : Run Path"
	},
	{
		"name": "set_group_node_current",
		"node": "myNode",
		"tag": "metroVeh",
		"helper": "This action will set the current node for a group of entity ",
		"helperTitle": "Group : Set Current Node "
	},
	{
		"name": "set_group_node_current_auto",
		"range": 50,
		"tag": "metroVeh",
		"helper": "This action will set the current node automatically for a group of entity depending of a circuit setted before",
		"helperTitle": "Group : Set Current Node Automatically"
	},
	{
		"name": "set_group_node_next",
		"tag": "metroVeh",
		"node": "myNode",
		"helper": "This action will set the next node  for a group of entity ",
		"helperTitle": "Group : Set Next Node "
	},
	{
		"name": "set_group_node_next_auto",
		"tag": "metroVeh",
		"helper": "This action will set the next node automatically for a group of entity depending of a circuit setted before",
		"helperTitle": "Group : Set Next Node Automatically"
	},
	{
		"name": "set_group_node_path",
		"tag": "metroVeh",
		"path": "mypath",
		"helper": "This action will set a path for a group of entity ",
		"helperTitle": "Group : Set Path"
	},
	{
		"name": "set_group_node_path_auto",
		"tag": "metroVeh",
		"helper": "This action will set a path automatically for a group of entity depending of a circuit setted before",
		"helperTitle": "Group : Set Path Automatically"
	},
	{
		"name": "set_group_circuit",
		"circuit": "arasaka_to_northside",
		"reverse": false,
		"tag": "metroVeh",
		"helper": "This action will set the circuit for a group of entity",
		"helperTitle": "Group : Set circuit"
	},
	{
		"name": "set_entity_to_group",
		"tag": "grouptag",
		"entities": [
			"blue01",
			"red01"
		],
		"helper": "This action will set entity of a group of entity ",
		"helperTitle": "Group : Set entities"
	},
	{
		"name": "teleport_group_at_position",
		"tag": "grouptag",
		"x": -10,
		"y": -10,
		"z": 0,
		"helper": "This action will teleport a group of entity",
		"helperTitle": "Group : Teleport Group at position"
	},
	{
		"name": "teleport_group_at_relative_position",
		"tag": "grouptag",
		"x": -10,
		"y": -10,
		"z": 0,
		"helper": "This action will teleport a group of entity of each's XYZ relative position",
		"helperTitle": "Group : Teleport Group at relative position"
	},
	{
		"name": "teleport_group_at_entity_relative_position",
		"entity": "judy01||player",
		"x": -10,
		"y": -10,
		"z": 0,
		"tag": "grouptag",
		"helper": "This action will teleport a group of entity of another one entity's XYZ relative position ",
		"helperTitle": "Group : Teleport Group to another entity relative position"
	},
	{
		"name": "add_entity_to_group",
		"tag": "grouptag",
		"entities": [
			"blue01",
			"red01"
		],
		"helper": "This action will add entity to a group of entity ",
		"helperTitle": "Group : add a entity"
	},
	{
		"name": "attitude_group_against_entity",
		"attitude": "hostile",
		"tag": "gangteam",
		"entity": "judy01||player",
		"helper": "This action will change attitude from a group to a entity(friendly||hostile||companion||passive||psycho)",
		"helperTitle": "Group : change attitude against another entity"
	},
	{
		"name": "attitude_group_against_group",
		"attitude": "hostile",
		"tag": "gangteam",
		"attitudegroup": "6thStreet",
		"attitudegrouptarget": "mq030_max_tac",
		"target": "maxtacsquad",
		"helper": "This action will change attitude from a group to another group",
		"helperTitle": "Group : change attitude against another group"
	},
	{
		"name": "create_group",
		"tag": "grouptag",
		"helper": "This action will create a group of entity ",
		"helperTitle": "Group : create a group"
	},
	{
		"name": "buyCurrentHouse",
		"helper": "This action will buy the custom place where you are if you have enough money and if it's buyable ",
		"helperTitle": "House : Buy the current house where player is"
	},
	{
		"name": "getSalaryFromCurrentRent",
		"help": "give the salary of the current house",
		"helper": "This action will give the salary of the current custom place that you are in ",
		"helperTitle": "House : Get Salary from current place"
	},
	{
		"name": "sellCurrentHouse",
		"helper": "This action will sell the custom place where you are if you own it",
		"helperTitle": "House : Sell Current House"
	},
	{
		"name": "rentCurrentHouse",
		"help": "Start a business in these house, if open for business",
		"helper": "This action will start a business in these house, if open for business ",
		"helperTitle": "House : Start business into the current house"
	},
	{
		"name": "trigger_edit_housing_mode",
		"value": false,
		"helper": "This action will trigger housing mode",
		"helperTitle": "House : Toggle House Mode"
	},
	{
		"name": "change_house_score",
		"value": "houseTag",
		"score": 50,
		"helper": "This action will change the score of a custom place",
		"helperTitle": "House : change the score of a custom place"
	},
	{
		"name": "change_house_statut",
		"value": "houseTag",
		"score": 1,
		"help": "-- 0 or nil : not buyed || 1 : buyed || 2 : business",
		"helper": "This action will change the statut of a custom place ",
		"helperTitle": "House : change the statut of a custom place"
	},
	{
		"name": "looked_item_remove",
		"helper": "This action will remove the housing item and add it to player housing stash",
		"helperTitle": "Housing : Remove looked item "
	},
	{
		"name": "pitch_looked_item",
		"value": 5,
		"helper": "This action will move the housing item to Pitch + value (can be negative)",
		"helperTitle": "Housing : move looked item to Pitch "
	},
	{
		"name": "roll_looked_item",
		"value": 5,
		"helper": "This action will move the housing item to Roll + value (can be negative)",
		"helperTitle": "Housing : move looked item to Roll "
	},
	{
		"name": "move_looked_item_X",
		"value": 5,
		"helper": "This action will move the housing item to X + value (can be negative)",
		"helperTitle": "Housing : move looked item to X "
	},
	{
		"name": "move_looked_item_Y",
		"value": 5,
		"helper": "This action will move the housing item to Y + value (can be negative)",
		"helperTitle": "Housing : move looked item to Y "
	},
	{
		"name": "yaw_looked_item",
		"value": 5,
		"helper": "This action will move the housing item to Yaw + value (can be negative)",
		"helperTitle": "Housing : move looked item to Yaw "
	},
	{
		"name": "move_looked_item_Z",
		"value": 5,
		"helper": "This action will move the housing item to Z + value (can be negative)",
		"helperTitle": "Housing : move looked item to Z "
	},
	{
		"name": "move_looked_item_to_player_position",
		"helper": "This action will move the housing item to player",
		"helperTitle": "Housing : move looked item to player"
	},
	{
		"name": "move_looked_item_Z",
		"helper": "This action will move the housing item to player",
		"helperTitle": "Housing : move looked item to player"
	},
	{
		"name": "close_menu",
		"helper": "This action will close the menu ",
		"helperTitle": "Interface : Close Menu"
	},
	{
		"name": "close_interface",
		"helper": "This action will close the current interface",
		"helperTitle": "Interface : Close custom interface"
	},
	{
		"name": "lock_conversation",
		"tag": "myobj",
		"helper": "This action will lock the conversation ",
		"helperTitle": "Interface : Lock Conversation"
	},
	{
		"name": "lock_message",
		"tag": "myobj",
		"helper": "This action will lock the message ",
		"helperTitle": "Interface : Lock Message"
	},
	{
		"name": "open_menu",
		"value": "world_map",
		"helper": "This action will open the menu ",
		"helperTitle": "Interface : Open Menu"
	},
	{
		"name": "open_interface",
		"tag": "myinterfacetag",
		"helper": "This action will open the interface by tag",
		"helperTitle": "Interface : Open a custom interface"
	},
	{
		"name": "unlock_conversation",
		"tag": "myobj",
		"helper": "This action will unlock the conversation ",
		"helperTitle": "Interface : Unlock Conversation"
	},
	{
		"name": "unlock_message",
		"tag": "myobj",
		"helper": "This action will unlock the message ",
		"helperTitle": "Interface : Unlock Message"
	},
	{
		"name": "buy_item",
		"value": "Items.Vest_06_rich_03",
		"price": 1200,
		"amount": 5,
		"helper": "This action will buy a item for the player",
		"helperTitle": "Items : Buy a item"
	},
	{
		"name": "give_item",
		"value": "Items.Vest_06_rich_03",
		"amount": 5,
		"helper": "This action will a amount of a item to the player",
		"helperTitle": "Items : Give items"
	},
	{
		"name": "clean_thread",
		"tag": "mytag",
		"help": "Clean a thread in scripting execution system",
		"helper": "This action will Clean a thread in scripting execution system",
		"helperTitle": "Logic : Clean Threads"
	},
	{
		"name": "for",
		"amount": 5,
		"action": [{
				"name": "consolelog",
				"value": "True"
			},
			{
				"name": "notify",
				"value": "True"
			}
		],
		"helper": "This action will execute a list of actions X times",
		"helperTitle": "Logic : For"
	},
	{
		"name": "goto",
		"index": 1,
		"parent": true,
		"helper": "This action will set the current action to the index. Useful to go back to a previous action of the list. Parent is for go to the parent action list of this action (if the action is called into a sublist)",
		"helperTitle": "Logic : Go to index"
	},
	{
		"name": "goto_alias",
		"tag": "myactionalias",
		"parent": true,
		"helper": "This action will set the current action to another action by an alias. Useful to go back to a previous action of the list. Parent is for go to the parent action list of this action (if the action is called into a sublist)",
		"helperTitle": "Logic : Go to Alias"
	},
	{
		"name": "if",
		"trigger": {
			"name": "entity_at_relative_position",
			"x": 0,
			"y": 0,
			"z": 65,
			"tag": "helico",
			"radius": 2
		},
		"if_action": [{
				"name": "consolelog",
				"value": "True"
			},
			{
				"name": "notify",
				"value": "True"
			}
		],
		"else_action": [{
				"name": "consolelog",
				"value": "False"
			},
			{
				"name": "notify",
				"value": "False"
			}
		],
		"helper": "This action will check a trigger and execute IF actions if the trigger is OK or ELSE action if the trigger is not OK",
		"helperTitle": "Logic : If"
	},
	{
		"name": "lightif",
		"trigger": {
			"name": "entity_at_relative_position",
			"x": 0,
			"y": 0,
			"z": 65,
			"tag": "helico",
			"radius": 2
		},
		"if_action": [{
				"name": "consolelog",
				"value": "True"
			},
			{
				"name": "notify",
				"value": "True"
			}
		],
		"else_action": [{
				"name": "consolelog",
				"value": "False"
			},
			{
				"name": "notify",
				"value": "False"
			}
		],
		"helper": "This action will check a trigger and execute IF actions if the trigger is OK or ELSE action if the trigger is not OK, light mode, don't make complex thing here",
		"helperTitle": "Logic : Light If"
	},
	{
		"name": "wait",
		"value": 5,
		"help": "minutes in game",
		"helper": "This action will wait X minutes in game time before do the next action ",
		"helperTitle": "Logic : Wait"
	},
	{
		"name": "wait_for_trigger",
		"trigger": {
			"name": "metro_H7_station",
			"value": "triggervalue"
		},
		"help": "Wait that trigger condition is valid",
		"helper": "This action will wait that the trigger is valid before do the next action ",
		"helperTitle": "Logic : Wait For Trigger"
	},
	{
		"name": "wait_second",
		"value": 3,
		"help": "Wait x second",
		"helper": "This action will wait x second before perform the next action",
		"helperTitle": "Logic : Wait X seconds"
	},
	{
		"name": "wait_for_target",
		"helper": "This action will wait for a selected target before do the next action ",
		"helperTitle": "Logic : Wait for Target"
	},
	{
		"name": "while_one",
		"trigger": {
			"name": "entity_at_relative_position",
			"x": 0,
			"y": 0,
			"z": 65,
			"tag": "helico",
			"radius": 2
		},
		"action": {
			"name": "consolelog",
			"value": "True"
		},
		"helper": "This action will check a trigger and execute 1 action while this trigger is fullfilled",
		"helperTitle": "Logic : While 1 action"
	},
	{
		"name": "active_map_group",
		"tag": "mymappintaggroup",
		"helper": "This action will active all of mappin in a specific mapPin group",
		"helperTitle": "Map : Active all map Pin of group"
	},
	{
		"name": "active_map_point",
		"tag": "mymappintag",
		"helper": "This action will active a specific mapPin",
		"helperTitle": "Map : Active a specific map Pin"
	},
	{
		"name": "set_mappin",
		
		"tag": "mymappintag",
		"typemap": "ExclamationMarkVariant",
		"wall": true,
		"active": true,
		"mapgroup": "",
		"title": "myttitle",
		"desc": "mydesc",

		"position": "at",	
		"position_helper": "at||relative_to_entity||node||player_look_at||poi||mappin||fasttravel||custom_place||custom_room",
		"position_change_helper": "Write 'current' in position_tag for get current node,mappin, fasttravel, custom_place or custom_room. \n For poi if you write 'current' in position_poi_district you will get the current district, \n if you write 'current in position_poi_subdistrict you will get the current subdistrict. \n also if you write 'random' in position_poi_subdistrict or position_poi_district, you will get an 'random' value",
		"position_range": 50,
		"position_lookatdistance":0,
		"position_tag": "judy01",
		"position_tag_helper": "judy01||playerhouse01||playerhouse_bed||",
		"position_way": "normal",
		"position_way_helper": "normal||behind||forward",
		"position_poi_district": "",
		"position_poi_subdistrict": "",
		"position_poi_is_for_car": false,
		"position_poi_from_position": false,
		"position_poi_use_location_tag": false,
		"position_poi_type": 1,
		"position_distance": 5,
		"position_house_way": "default",
		"position_house_way_helper": "default||enter||exit",
		"position_house_tag": "playerhouse01",
		"position_node_usegameplay": false,
		"x": 0,
		"y": 0,
		"z": 0,

		"help": "This action will summon a custom npc with several custom parameter ",
		"helper": "This action will summon a custom npc with several custom parameter ",
		"helperTitle": "Map : Set Mappin"
	},

	{
		"name": "delete_map_point",
		"tag": "mymappintag",
		"helper": "This action will delete a specific mapPin",
		"helperTitle": "Map : Delete Point"
	},
	{
		"name": "delete_map_group",
		"tag": "mymappintaggroup",
		"helper": "This action will delete all of mappin in a specific mapPin group",
		"helperTitle": "Map : Delete group"
	},
	{
		"name": "set_map_group_position",
		"tag": "mymappintaggroup",
		"helper": "This action will change position of all of mappin in a specific mapPin group",
		"helperTitle": "Map : Set Map Pin Group Position "
	},
	{
		"name": "set_map_group_tracking_to",
		"tag": "mymappintaggroup",
		"target": "myentitytag",
		"helper": "This action will make all of mappin in a specific mapPin group track a specific target",
		"helperTitle": "Map : Set Map Pin Group track a entity"
	},
	{
		"name": "set_map_group_type",
		"tag": "mymappintaggroup",
		"typemap":"ExclamationMarkVariant",
		"helper": "This action will change type of  all of mappin in a specific mapPin group",
		"helperTitle": "Map : Set Map Pin Group type"
	},
	{
		"name": "set_map_point_position",
		"tag": "mymappintag",
		"helper": "This action will change position of a specific mapPin",
		"helperTitle": "Map : Set Map Pin position"
	},
	{
		"name": "set_map_point_tracking_to",
		"tag": "mymappintag",
		"target": "myentitytag",
		"helper": "This action will make a specific mapPin track a specific target",
		"helperTitle": "Map : Set Map Pin tracking a entity"
	},
	{
		"name": "set_map_point_type",
		"tag": "mymappintag",
		"typemap":"ExclamationMarkVariant",
		"helper": "This action will change type of a specific mapPin",
		"helperTitle": "Map : Set Map Pin type "
	},
	{
		"name": "change_zone",
		"value": "hostile",
		"help": "safe||neutral||hostile",
		"helper": "This action will make change the state of the area you are in",
		"helperTitle": "Map : change the state of the area you are in"
	},
	{
		"name": "give_money",
		"value": 500,
		"helper": "This action will make give a amount of money",
		"helperTitle": "Money : Give money"
	},
	{
		"name": "give_random_money",
		"min": 50,
		"max": 1000,
		"helper": "This action will make give a random amount of money",
		"helperTitle": "Money : Give Random money"
	},
	{
		"name": "give_money_score",
		"score": "myscoretag",
		"helper": "This action will make give a amount of money from a score value",
		"helperTitle": "Money : Give money from a score value"
	},
	{
		"name": "remove_money",
		"value": 500,
		"helper": "This action will make remove a amount of money",
		"helperTitle": "Money : Remove Money"
	},
	{
		"name": "remove_random_money",
		"min": 50,
		"max": 1000,
		"helper": "This action will make remove a random amount of money",
		"helperTitle": "Money : Remove Random Money"
	},
	{
		"name": "remove_money_score",
		"score": "myscoretag",
		"helper": "This action will make remove a amount of money from a score value",
		"helperTitle": "Money : Remove Money from a score value"
	},
	{
		"name": "npc_custom_set_autodespawn",
		"tag": "mycustomNpcTag",
		"value": true,
		"helper": "This action will set the AutoDespawn field of a Custom NPC",
		"helperTitle": "NPC : Custom NPC : set Auto Despawn value"
	},
	{
		"name": "npc_custom_set_autoroutine",
		"tag": "mycustomNpcTag",
		"value": true,
		"helper": "This action will set the repeat_routine field of a Custom NPC",
		"helperTitle": "NPC : Custom NPC : set Repeat Routine value"
	},
	{
		"name": "npc_affinity",
		"value": "mymissionTag01",
		"score": 50,
		"helper": "This action will add affinity to a specific npc (can be a negative value)",
		"helperTitle": "NPC : add affinity"
	},
	{
		"name": "npc_star_affinity",
		"value": 50,
		"helper": "This action will add affinity to the current npc that you have invite to join you (can be a negative value)",
		"helperTitle": "NPC : add affinity to the current one you ask to join you"
	},
	{
		"name": "clean_entity_circuit",
		"tag": "myentity",
		"helper": "This action will clean circuit for a entity",
		"helperTitle": "Node : Clean Entity Circuit"
	},

	{
		"name": "set_entity_circuit",
		"circuit": "mycircuit",
		"reverse": false,
		"tag": "myentity",
		"helper": "This action will set circuit for a entity",
		"helperTitle": "Node : Set Entity Circuit"
	},
	{
		"name": "set_entity_node_current",
		"node": "mynode",
		"tag": "myentity",
		"helper": "This action will set current node for a entity",
		"helperTitle": "Node : Set Entity Current Node"
	},
	{
		"name": "set_entity_node_current_auto",
		"tag": "myentity",
		"helper": "This action will set current node automatically for a entity",
		"helperTitle": "Node : Set Entity Current Node Auto"
	},
	{
		"name": "set_entity_node_next",
		"node": "mynode",
		"tag": "myentity",
		"helper": "This action will set Next node for a entity",
		"helperTitle": "Node : Set Entity Next Node"
	},
	{
		"name": "set_entity_node_next_auto",
		"tag": "myentity",
		"helper": "This action will set Next node automatically for a entity",
		"helperTitle": "Node : Set Entity Next Node Auto"
	},
	{
		"name": "set_entity_node_path",
		"path": "mypath",
		"tag": "myentity",
		"helper": "This action will set Next node for a entity",
		"helperTitle": "Node : Set Entity Path"
	},
	{
		"name": "set_entity_node_path_auto",
		"tag": "myentity",
		"helper": "This action will set path automatically for a entity",
		"helperTitle": "Node : Set Entity Path Auto"
	},
	{
		"name": "run_entity_path",
		"separate": 0,
		"zoffset": 0,
		"isrelative":false,
		"tag": "myentity",
		"helper": "This action will set path automatically for a entity",
		"helperTitle": "Node : Set Entity Path Auto"
	},
	{
		"name": "player_look_at_entity",
		"tag": "blue01",
		"helper": "This action will player look at a custom entity ",
		"helperTitle": "Player : Look at entity"
	},
	{
		"name": "player_look_at_position",
		"x": 0,
		"y": 0,
		"z": 0,
		"helper": "This action will player look at a position ",
		"helperTitle": "Player : Look at position"
	},
	{
		"name": "player_look_at_forward",
		"tag": "blue01",
		"helper": "This action will player look at forward ",
		"helperTitle": "Player : Look forward"
	},
	{
		"name": "wanted_level",
		"value": 2,
		"helper": "This action will set the curretn wanted level",
		"helperTitle": "Player : Set Wanted Level"
	},
	{
		"name": "teleport_player",
		"x": 0,
		"y": 0,
		"z": 0,
		"helper": "This action will teleport the player to XYZ",
		"helperTitle": "Player : Teleport at position"
	},
	{
		"name": "teleport_player_at_relative_position",
		"x": -10,
		"y": -10,
		"z": 0,
		"helper": "This action will teleport player to player's XYZ relative position ",
		"helperTitle": "Player : Teleport at relative position"
	},
	{
		"name": "unfreeze_player",
		"helper": "This action will unfreeze player",
		"helperTitle": "Player : Unfreeze player"
	},

	{
		"name": "freeze_player",
		"helper": "This action will freeze player",
		"helperTitle": "Player : freeze movement"
	},
	{
		"name": "change_objective_text",
		"tag": "myobjectivetag",
		"value": "I love train",
		"helper": "This action will change quest's objective Text",
		"helperTitle": "Quest : Change Objective Text"
	},
	{
		"name": "fail_mission",
		"helper": "This action will fail current mission",
		"helperTitle": "Quest : Fail Mission"
	},
	{
		"name": "fail_objective",
		"value": "myobjectivetag",
		"helper": "This action will fail objective",
		"helperTitle": "Quest : Fail Objective"
	},
	{
		"name": "finish_mission",
		"value": "mymissiontag",
		"helper": "This action will set finish mission",
		"helperTitle": "Quest : Finish Mission"
	},
	{
		"name": "inactive_objective",
		"value": "myobjectivetag",
		"helper": "This action will untrack objective ",
		"helperTitle": "Quest : Inactive objective "
	},
	{
		"name": "mission",
		"value": "mymissiontag",
		"helper": "This action will make launch a specific custom quest if her triggers are ok",
		"helperTitle": "Quest : Launch(Forced) a quest"
	},
	{
		"name": "lock_mission",
		"value": "mymissiontag",
		"helper": "This action will hide mission from journal ",
		"helperTitle": "Quest : Lock Mission"
	},
	{
		"name": "reset_mission",
		"value": "mymissiontag",
		"helper": "This action will reset the mission",
		"helperTitle": "Quest : Reset Mission"
	},
	{
		"name": "track_objective",
		"value": "myobjectivetag",
		"helper": "This action will track objective",
		"helperTitle": "Quest : Track Objective"
	},
	{
		"name": "unlock_mission",
		"value": "mymissiontag",
		"helper": "This action will unlock a specific custom quest",
		"helperTitle": "Quest : Unlock a quest"
	},
	{
		"name": "unlock_objective",
		"value": "myobjectivetag",
		"helper": "This action will unlock objective",
		"helperTitle": "Quest : Unlock objective"
	},
	{
		"name": "win_objective",
		"value": "myobjectivetag",
		"helper": "This action will win objective",
		"helperTitle": "Quest : Win Objective"
	},
	{
		"name": "change_quest_content",
		"tag": "myquesttag",
		"value": "I change the description of the quest inside the quest UI",
		"helper": "This action will change the (content) value of a custom quest",
		"helperTitle": "Quest : change the (content) value of a custom quest"
	},
	{
		"name": "change_quest_title",
		"tag": "myquesttag",
		"value": "I change the title of the quest inside the quest UI",
		"helper": "This action will change the (title) value of a custom quest",
		"helperTitle": "Quest : change the (title) value of a custom quest"
	},
	{
		"name": "lock_objective",
		"value": "myobjectivetag",
		"helper": "This action will lock objective and untrack it",
		"helperTitle": "Quest : lock objective "
	},
	{
		"name": "add_to_custom_score",
		"variable": "customScore",
		"score": 50,
		"helper": "This action will change the value of a custom score, can be negative for remove",
		"helperTitle": "Score :  add to the value of a custom score, can be negative for remove"
	},
	{
		"name": "change_custom_condition",
		"value": "customScore",
		"score": 50,
		"helper": "This action will change the value of a custom score",
		"helperTitle": "Score :  change the value of a custom score"
	},
	{
		"name": "change_custom_score",
		"variable": "customScore",
		"score": 50,
		"helper": "This action will change the value of a custom score",
		"helperTitle": "Score :  change the value of a custom score"
	},
	{
		"name": "change_custom_variable",
		"variable": "customVariable",
		"key": "myKey",
		"value": "HelloWorld",
		"helper": "This action will change the value of a key of a custom variable",
		"helperTitle": "Score :  change the value of a key of a custom variable"
	},
	{
		"name": "change_custom_score_key",
		"variable": "customScore",
		"key": "myKey",
		"score": 50,
		"helper": "This action will change the value of a key of custom score",
		"helperTitle": "Score :  change the value of a key of custom score"
	},
	{
		"name": "concate_custom_variable",
		"variable": "customVariable",
		"key": "myKey",
		"value": "customVariable",
		"helper": "This action will concate the value of a key of a custom variable with a value store into a result variable",
		"helperTitle": "Score :  concate the value of a key of a custom variable"
	},
	{
		"name": "concate_custom_variable_with_score",
		"variable": "customVariable",
		"key": "myKey",
		"score": "customVariable",
		"resultvariable": "customVariable",
		"resultkey": "myKey",
		"helper": "This action will concate the value of a key of a custom variable with a score and store into a result variable",
		"helperTitle": "Score :  concate the value of a key of a custom variable with a score"
	},
	{
		"name": "concate_custom_variable_with_variable",
		"variable": "customVariable",
		"key": "myKey",
		"targetvariable": "customVariable",
		"targetkey": "myKey",
		"resultvariable": "customVariable",
		"resultkey": "myKey",
		"helper": "This action will concate the value of a key of a custom variable with another one and store into a result variable",
		"helperTitle": "Score :  concate the value of a key of a custom variable with another variable"
	},
	{
		"name": "operate_custom_score_to_another_one",
		"variable": "customScore",
		"targetscore": "customScore2",
		"resultscore": "customScore2",
		"operator": "+",
		"helper": "This action will make a operation to a score with the value of another one and store it into the result score. Operator can be +,-, /, *,positive,negative",
		"helperTitle": "Score : Make operation"
	},
	{
		"name": "random_custom_score",
		"variable": "customScore",
		"min": 50,
		"max": 50,
		"helper": "This action will randomize the value of a custom score, can be negative",
		"helperTitle": "Score : randomize the value of a custom score, can be negative"
	},
	{
		"name": "play_game_sound",
		"value": "test",

		"help": "Play an Game's Sound",
		"helper": "This action will Play an Game's Sound",
		"helperTitle": "Sound : Play Game Sound"
	},
	{
		"name": "stop_game_sound",
		"value": "test",

		"help": "Stop an Game's Sound",
		"helper": "This action will Stop an Game's Sound",
		"helperTitle": "Sound : Stop Game Sound"
	},
	{
		"name": "pause_sound_channel",
		"channel": "sound",
		"help": "Use Sound Manager Mod to pause a channel (sound, music or env)",
		"helper": "This action will use Sound Manager Mod to pause a channel (sound, music or env) ",
		"helperTitle": "Sound : Pause a channel"
	},
	{
		"name": "play_sound_file",
		"value": "youarebreathtaking.mp3",
		"channel": "sound",
		"datapack": "mydatapackfolder",
		"volume": 100,
		"help": "Use Sound Manager Mod to play a sound file in the channel (sound, music or env)",
		"helper": "This action will Use Sound Manager Mod to play a sound file in the channel (sound, music or env) ",
		"helperTitle": "Sound : Play file"
	},
	{
		"name": "resume_sound_channel",
		"channel": "sound",
		"help": "Use Sound Manager Mod to resume a channel (sound, music or env)",
		"helper": "This action will Use Sound Manager Mod to resume a channel (sound, music or env) ",
		"helperTitle": "Sound : Resume channel"
	},
	{
		"name": "setGameVolume",
		"value": "SfxVolume",
		"score": 5,
		"help": "edit the game setting volume (MasterVolume||SfxVolume||DialogueVolume||MusicVolume||CarRadioVolume)",
		"helper": "This action will edit the game setting volume (MasterVolume||SfxVolume||DialogueVolume||MusicVolume||CarRadioVolume)",
		"helperTitle": "Sound : Set Game Volume"
	},
	{
		"name": "stop_sound_channel",
		"channel": "sound",
		"help": "Use Sound Manager Mod to stop a channel (sound, music or env)",
		"helper": "This action will Use Sound Manager Mod to stop a channel (sound, music or env) ",
		"helperTitle": "Sound : Stop Channel"
	},
	{
		"name": "add_stat_perc",
		"value": "Heath",
		"score": 5,
		"help": "add 5% heath",
		"helper": "This action will add a percent value to a stat, can be negative ",
		"helperTitle": "Stat : Add a percent"
	},
	{
		"name": "mod_statpool",
		"value": "Health",
		"score": 20,
		"perc": true,
		"helper": "This action will change the stat to the current value",
		"helperTitle": "Stat : Change Statpool"
	},
	{
		"name": "mod_statpool_max",
		"value": "Health",
		"helper": "This action will change the stat to the max value",
		"helperTitle": "Stat : Set Stat to max"
	},
	{
		"name": "add_stat",
		"value": "Heath",
		"score": 50,
		"help": "add 50 heath",
		"helper": "This action will add value to a stat (can be negative) ",
		"helperTitle": "Stat : add a numerical value"
	},
	{
		"name": "add_time",
		"value": 5,
		"help": "minute",
		"helper": "This action will add X minute to in game time",
		"helperTitle": "Time : Add minutes"
	},
	{
		"name": "set_time",
		"hour": 22,
		"minute": 30,
		"helper": "This action will make set in game time to HH:MM",
		"helperTitle": "Time : Set Time "
	},
	{
		"name": "consolelog",
		"value": "This is a CET console log !",
		"helper": "This action will display a log in CET log ",
		"helperTitle": "UI : CET log"
	},
	{
		"name": "change_camera_position",
		"x": -10,
		"y": -10,
		"z": 0,
		"helper": "This action will change the position of the camera",
		"helperTitle": "UI : Change Camera Position"
	},
	{
		"name": "add_camera_position",
		"x": -10,
		"y": -10,
		"z": 0,
		"helper": "This action will change the position of the camera",
		"helperTitle": "UI : Change Camera Position"
	},
	{
		"name": "change_camera_rotation",
		"roll": -10,
		"pitch": -10,
		"yaw": 0,
		"helper": "This action will the rotation of the camera",
		"helperTitle": "UI : Change Camera Rotation"
	},
	{
		"name": "add_camera_rotation",
		"roll": -10,
		"pitch": -10,
		"yaw": 0,
		"helper": "This action will the rotation of the camera",
		"helperTitle": "UI : Change Camera Rotation"
	},
	{
		"name": "fade_in",
		"value": 5,
		"message": "the next day...",
		"help": "will fade in the screen in X second and display the message ",
		"helper": "This action will fade in the screen in X second and display a small message ",
		"helperTitle": "UI : Fade In"
	},
	{
		"name": "fade_out",
		"value": 5,
		"help": "will fade out the screen in X second ",
		"helper": "This action will fade out the screen in X second ",
		"helperTitle": "UI : Fade Out"
	},
	{
		"name": "hide_timer_consume",
		"help": "Hide the consuming timer",
		"helper": "This action will Hide the consuming timer ",
		"helperTitle": "UI : Hide Consuming Timer"
	},
	{
		"name": "hide_timer_remaning",
		"help": "Hide the remaning timer",
		"helper": "This action will Hide the remaning timer ",
		"helperTitle": "UI : Hide Remaning Timer"
	},
	{
		"name": "simple_message",
		"value": "This is a ingame Message !",
		"helper": "This action will make display a in game message",
		"helperTitle": "UI : Message"
	},
	{
		"name": "simple_message_metro",
		"entity": "myTrain",
		"helper": "This action will make display a in game message From start node to end node of entity according to circuit",
		"helperTitle": "UI : Metro Message"
	},
	{
		"name": "npcd_finish_notification",
		"levelXPAwarded": 50,
		"streetCredXPAwarded": 50,
		"helper": "This action will make display a NCPD Job Finish Notification",
		"helperTitle": "UI : NCPD Job Finish Notification"
	},
	{
		"name": "notify",
		"value": "This is a ingame Notification !",
		"helper": "This action will make display a in game notification",
		"helperTitle": "UI : Notification"
	},
	{
		"name": "open_stash",
		"help": "Open the V's appartement stash everywhere",
		"helper": "This action will open stash of V's appartement ",
		"helperTitle": "UI : Open Stash"
	},
	{
		"name": "phone_notification",
		"title": "Judy : Thanks for the night, V !",
		"desc": "I really enjoyed it :) ",
		"duration": 5,
		"conversation":"myphoneconvtag",
		"helper": "This action will make display a phone message notification. conversation is optional (leave empty if not need, if not empty it will load an custom conversation in the popup)",
		"helperTitle": "UI : Phone Notification"
	},
	{
		"name": "phone_news_notification",
		"title": "Judy : Thanks for the night, V !",
		
		"duration": 5,
		"conversation":"myphoneconvtag",
		"helper": "This action will make display a phone message notification with an random corpo News. conversation is optional (leave empty if not need, if not empty it will load an custom conversation in the popup)",
		"helperTitle": "UI : Phone Notification"
	},
	{
		"name": "reset_camera",
		"helper": "This action will reset camera",
		"helperTitle": "UI : Reset Camera Position"
	},
	{
		"name": "reset_timer",
		"helper": "This action will reset the timer ",
		"helperTitle": "UI : Reset timer"
	},
	{
		"name": "set_metro_time",
		"value": 50,
		"helper": "This action will set custom remaning time for metro TV display",
		"helperTitle": "UI : Set Metro TV display custom remaning time"
	},
	{
		"name": "set_timer",
		"value": 60,
		"type": "remaning||consuming",
		"message": "Arrive to watson before : ",
		"help": "set a timer that will stop in X second with a title. Consuming means player will see how much time passed from start, remaning means player will see how much time remains before the end",
		"helper": "This action will set a timer that will stop in X second with a title. Consuming means player will see how much time passed from start, remaning means player will see how much time remains before the end ",
		"helperTitle": "UI : Set Timer"
	},
	{
		"name": "trigger_metro_time",
		"value": true,
		"helper": "This action will trigger custom remaning time for metro TV display",
		"helperTitle": "UI : Trigger Metro TV display custom remaning time"
	},
	{
		"name": "change_av_velocity",
		"value": 0.005,
		"helper": "This action will wait change velocity of AVs",
		"helperTitle": "Vehicule : Change AV velocity"
	},
	{
		"name": "vehicle_change_doors",
		"value": "open",
		"tag": "myvehiculetag",
		"helper": "This action will change the state of doors (open||close||lock||unlock)",
		"helperTitle": "Vehicule : Change Doors State"
	},
	{
		"name": "vehicle_change_engine",
		"value": "on",
		"tag": "myvehiculetag",
		"helper": "This action will change the state of engine of the vehicle (on||off)",
		"helperTitle": "Vehicule : Change Engine State"
	},
	{
		"name": "vehicle_change_light",
		"tag": "myvehiculetag",
		"helper": "This action will change the state of light on the vehicle (Off||Normal||High Beams)",
		"value": "Normal",
		"helperTitle": "Vehicule : Change Light State"
	},
	{
		"name": "vehicle_change_windows",
		"value": "open",
		"tag": "myvehiculetag",
		"helper": "This action will change the state of car windows (open||close)",
		"helperTitle": "Vehicule : Change Windows State"
	},
	{
		"name": "vehicle_detach_all_part",
		"tag": "myvehiculetag",
		"helper": "This action will detach all part of the vehicle",
		"helperTitle": "Vehicule : Detach All Part"
	},
	{
		"name": "vehicle_explose",
		"tag": "myvehiculetag",
		"helper": "This action will explode the vehicle",
		"helperTitle": "Vehicule : Explode"
	},
	{
		"name": "vehicle_follow_entity",
		"tag": "judy01||player",
		"vehicle": "myvehiculetag",
		"helper": "This action will make the vehicule follow an entity",
		"helperTitle": "Vehicule : Follow a entity"
	},
	{
		"name": "vehicle_chase_entity",
		"tag": "judy01||player",
		"vehicle": "myvehiculetag",
		"helper": "This action will make the vehicule chase an entity",
		"helperTitle": "Vehicule : Chase a entity"
	},
	{
		"name": "vehicle_go_to_fasttravel_point",
		"tag": "myvehiculetag",
		"destination": "#hey_gle_dataterm_04",
		"speed": 50,
		"greenlight": true,
		"needdriver": true,
		"usetraffic": true,
		"helper": "Tssssshis action will launch the vehicle to the expected fast travel point. you can find travel point markerred in quest_mod\\data\\db\\fasttravelmarkref",
		"helperTitle": "Vehicule : Go to Fast Travel Point"
	},
	{
		"name": "vehicle_go_to_current_fasttravel_point",
		"tag": "myvehiculetag",
		"speed": 50,
		"greenlight": true,
		"needdriver": true,
		"usetraffic": true,
		"helper": "This action will launch the vehicle to the current selected fast travel point",
		"helperTitle": "Vehicule : Go to Selected Fast Travel Point"
	},
	{
		"name": "vehicle_honk_and_flash",
		"tag": "myvehiculetag",
		"helper": "This action will activate Honk And Flash on the vehicle",
		"helperTitle": "Vehicule : Honk and Flash"
	},
	{
		"name": "vehicle_set_invincible",
		"tag": "myvehiculetag",
		"helper": "This action will make the vehicle invincible",
		"helperTitle": "Vehicule : Invincible"
	},
	{
		"name": "vehicle_repair",
		"tag": "myvehiculetag",
		"helper": "This action will repair the vehicle",
		"helperTitle": "Vehicule : Repair"
	},
	{
		"name": "vehicle_reset",
		"tag": "myvehiculetag",
		"helper": "This action will reset the vehicle",
		"helperTitle": "Vehicule : Reset"
	},
	{
		"name": "reset_av_velocity",
		"helper": "This action will reset velocity of AV (0.005)",
		"helperTitle": "Vehicule : Reset AV velocity"
	},

	{
		"name": "spawn_vehicule_v2",
		"tag": "blue01",
		"spawnlevel": 36,
		"appearance": "none",
		"spawn_system": 0,
		"scriptlevel":0,

		"group": "grouptag",
		"create_group_if_not_exist": false,

		"source": "vehicle",
		"source_helper": "vehicle||faction||current_district_leader||current_subdistrict_leader||district_leader||subdistrict_leader||random||from_list||district_rival||subdistrict_rival||current_district_rival||current_subdistrict_rival",
		"source_tag": "Vehicle.cs_savable_archer_hella_police_siren",
		"source_gang": "faction_mox",
		"source_list": ["Vehicle.cs_savable_archer_hella_police_siren"],
		"source_tag_helper": "Vehicle.cs_savable_archer_hella_police_siren||faction_mox||district_westbrook||NorthOaks",

		"source_use_rival": false,

		"position": "at",		
		"position_helper": "at||relative_to_entity||node||player_look_at||poi||mappin||fasttravel||custom_place||custom_room",
		"position_change_helper": "Write 'current' in position_tag for get current node,mappin, fasttravel, custom_place or custom_room. \n For poi if you write 'current' in position_poi_district you will get the current district, \n if you write 'current in position_poi_subdistrict you will get the current subdistrict. \n also if you write 'random' in position_poi_subdistrict or position_poi_district, you will get an 'random' value",
		"position_range": 50,
		"position_lookatdistance":0,		
		"position_tag": "judy01",
		"position_tag_helper": "judy01||playerhouse01||playerhouse_bed||",
		"position_way": "normal",
		"position_way_helper": "normal||behind||forward",
		"position_poi_district": "",
		"position_poi_subdistrict": "",
		"position_poi_is_for_car": false,
		"position_poi_from_position": false,
		"position_poi_use_location_tag": false,		
		"position_poi_type": 1,
		"position_distance": 5,
		"position_house_way": "default",
		"position_house_way_helper": "default||enter||exit",
		"position_house_tag": "playerhouse01",	
		"position_node_usegameplay": false,
		"x": 0,
		"y": 0,
		"z": 0,

		"amount": 1,
		"isAV": false,
		"appears_from_behind": false,
		"wait_for_vehicle": false,
		"wait_for_vehicle_second":7,




		"help": "This action will summon a Vehicle with several custom parameter ",
		"helper": "This action will summon Vehicle with several custom parameter ",
		"helperTitle": "Vehicle : Spawn a Vehicle"
	},

	{
		"name": "change_vehicle_skin",
		"value": "Vehicle.cs_savable_archer_hella_police_siren",
		"helper": "This action will spawn the vehicle",
		"helperTitle": "Vehicle : Change Vehicle Skin"
	},

	{
		"name": "toggle_av_engine",
		"tag": "battyAV",
		"helper": "This action will toggle the av engine for this vehicule",
		"helperTitle": "Vehicule : Toggle AV Engine"
	},
	{
		"name": "toggle_av_engine_for_current_drived_vehicule",
		"helper": "This action will toggle the av engine for the current drived vehicle",
		"helperTitle": "Vehicule : Toggle AV Engine for Drived Vehicle"
	},
	{
		"name": "vehicule_autodrive_activate",
		"tag": "autobatty",
		"speed": 0.5,
		"x": 500,
		"y": 500,
		"z": 20,
		"isAV": true,
		"do_rotation": false,
		"pathfinding": false,
		"helper": "This action will start autodrive of vehicle to the autodrive saved location",
		"helperTitle": "Vehicule : start Autodrive"
	},
	{
		"name": "vehicule_autodrive_activate_custom_mappin",
		"tag": "autobatty",
		"speed": 0.5,
		"zfly": 150,
		"isAV": true,
		"do_rotation": false,
		"pathfinding": false,
		"helper": "This action will start autodrive of vehicle to the autodrive enabled custom Mappin",
		"helperTitle": "Vehicule : start Autodrive to Custom Mappin"
	},

	{

		"name": "incoming_call",
		"callmode": 1,
		"caller": "Judy",
		"isrejectable": true,
		"answer_action": [{
			"name": "notify",
			"value": "YEP"
		}],
		"rejected_action": [{
			"name": "notify",
			"value": "Nope"
		}],
		"helper": "This action will trigger an incoming call Animation. Call Mode : 1 : Audio, 2: Video",
		"helperTitle": "UI : Incoming Call"
	},
	{

		"name": "set_player_current_gang",
		"tag": "faction_mox",
		"helper": "This action will set the Player's current Faction",
		"helperTitle": "Player : Current Gang"
	},
	{

		"name": "set_gang_relation",
		"tag": "faction_mox",
		"target": "faction_mox",
		"mode": "gang",
		"score": 10,
		"helper": "This action will set relation score between two gang (can be negative).\n If you put 'player' in tag field, it will take player's current Gang.\n Available Mode : gang || district_leader || district_subleader || current_district_leader || current_district_subleader ",
		"helperTitle": "Gang : Set Relation toward gang"
	},
	{

		"name": "add_gang_relation",
		"tag": "faction_mox",
		"target": "faction_mox",
		"mode": "gang",
		"score": 10,
		"helper": "This action will add relation score between two gang (can be negative).\n If you put 'player' in tag field, it will take player's current Gang.\n Available Mode : gang || district_leader || district_subleader || current_district_leader || current_district_subleader || district_leader || district_leader || district_leader || district_leader ",
		"helperTitle": "Gang : Add Relation toward gang"
	},
	{
		"name": "show_texture",
		"title": "JUDY ALVAREZ",
		"showtitle": true,
		"tag": "judy_screen.jpg",
		"sizeX": 230,
		"sizeY": 230,
		"positionX": 50,
		"positionY": 200,
		"bgcolor": "000000",
		"titlecolor": "00FFFF",
		"bordercolor": "000000",
		"bgopacity": 0,
		"borderopacity": 0,
		"helper": "This action will show an picture. bgcolor and bordercolor are html color",
		"helperTitle": "UI : Show picture"
	},
	{
		"name": "hide_texture",
		"tag": "judy01.png",
		"helper": "This action will hide an picture",
		"helperTitle": "UI : Hide picture"
	},
	{
		"name": "execute_at_script_level",
		"tag": "judy01",
		"scriptlevel":1,
		"action": [{
				"name": "consolelog",
				"value": "True"
			},
			{
				"name": "notify",
				"value": "True"
			}
		],
		"helper": "This action will execute an list of action if the target have the same scriptlevel than the action",
		"helperTitle": "Entity : Execute At Script Level"
	},
	{
		"name": "execute_at_script_level_group",
		"tag": "group01",
		"scriptlevel":1,
		"action": [{
				"name": "consolelog",
				"value": "True"
			},
			{
				"name": "notify",
				"value": "True"
			}
		],
		"helper": "This action will execute an list of action if the entities of the targeted group have the same scriptlevel than the action",
		"helperTitle": "Group : Execute At Script Level"
	},
	{
		"name": "set_script_level",
		"tag": "judy01",
		"scriptlevel":1,
		"helper": "This action will set an script level to the entity",
		"helperTitle": "Entity : Set Script Level"
	},
	{
		"name": "set_script_level_group",
		"tag": "group01",
		"scriptlevel":1,
		"helper": "This action will set an script level to the entities of the targeted group ",
		"helperTitle": "Group : Set Script Level"
	},
	{
	"name": "quest_notification",
	"title": "Judy Alvarez",
	"desc": "Hey you, I was thinking about you... without any clothes",
	"duration": 4,
	"type":"new",
	"helper": "This action will make display a quest notification (type : new | update | success | fail)",
		"helperTitle": "UI : Quest Notification"
	},
	{
	"name": "shard_notification",
	"title": "Judy Alvarez",
	"desc": "Hey you, I was thinking about you... without any clothes",
	"duration": 4,
	"iscrypted":true,
	"shard":"myshard",
	"helper": "This action will make display a shard notification. shard is optional (leave empty if not need, if not empty it will load an custom shard in the popup)",
	"helperTitle": "UI : Shard Notification"
	},
	{
	"name": "contact_notification",
	"title": "Judy Alvarez",
	"desc": "Judy Alvarez",
	"duration": 4,
			"helper": "This action will make display a contact notification ",
		"helperTitle": "UI : Contact Notification"
	},
	{
	"name": "location_notification",
	"title": "Judy Alvarez Body",
	"desc": "Hey you, I was thinking about you... without any clothes",
	"duration": 4,
		"helper": "This action will make display a location notification ",
		"helperTitle": "UI : Location Notification"
	},
	{
	"name": "activity_notification",
	"title": "Judy Alvarez",
	"desc": "Hey you, I was thinking about you... without any clothes",
	"duration": 4,
		"helper": "This action will make display a NCPD activity notification ",
		"helperTitle": "UI : NCPD activity Notification"
	},
	{
	"name": "hacking_notification",
	"title": "Judy Alvarez",
	"desc": "Hey you, I was thinking about you... without any clothes",
	"duration": 4,
		"helper": "This action will make display a Hacking reward notification ",
		"helperTitle": "UI : Hacking reward Notification"
	},
	{
	
		"name": "tutorial_notification",
		"title": "Judy Alvarez",
		"desc": "Hey you, I was thinking about you... without any clothes",
		"ismodal":false,
		"closeatinput":true,
		"pausegame":true,
		"isblocking":false,
		"popupposition":4,
		"helper": "This action will make display a tutorial popup || popupposition :  Undefined = 0, UpperRight = 1, UpperLeft = 2, LowerLeft = 3, LowerRight = 4, Center = 5",
		"helperTitle": "UI : Tutorial Popup"
	},
	{
			"name":" start_effect",
			"value":"blackout",
			"tag":"lookat",
			"helper": "This action will play an FX animation to the target",
		"helperTitle": "UI : Play FX"
	},
		
	{
		"name":" stop_effect",
		"value":"blackout",
		"tag":"lookat",
		"helper": "This action will stop an FX animation to the target",
		"helperTitle": "UI : Stop FX"
	},
	
		{
			"name":"open_help",
			"tag":"CyberMod_help",
					"ismodal":false,
		"closeatinput":true,
		"pausegame":true,
		"isblocking":true,
		"popupposition":5,
				"helper": "Open an help item as object",
		"helperTitle": "UI : Open help popup"
		},
		
		{
		"name":" player_toggle_invisible",
		"value":true,
		
		"helper": "This action will make V invisible or not",
		"helperTitle": "Player : Toggle Invisibility"
	},
	{
		"name":" player_toggle_v_component_visibility",
		"value":true,
		
		"helper": "This action will make all V's body component invisible or not",
		"helperTitle": "Player : Toggle all V's Body Component Invisibility"
	},

	{
		"name":" load_scene",
		"tag":"myscene",
		
		"helper": "This action will load an scene (doesn't means it will play it)",
		"helperTitle": "Scene : Load an scene"
	},
	
	{
		"name":" unload_scene",
		
		
		"helper": "This action will unload the current loaded scene",
		"helperTitle": "Scene : Unload an scene"
	},
	
	{
		"name":" play_scene",
		
		"helper": "This action will play totally the loaded scene",
		"helperTitle": "Scene : Play an scene"
	},
	
	{
		"name":" reset_scene",
		
		"helper": "This action will play totally the loaded scene",
		"helperTitle": "Scene : Play an scene"
	},
	{
		"name":" init_scene",
		
		"helper": "This action will play totally the loaded scene",
		"helperTitle": "Scene : Play an scene"
	},
	
	{
		"name":" play_scene_step_index",
		"value":1,
		
		"helper": "This action will play the loaded scene step at index",
		"helperTitle": "Scene : Play an scene step at index"
	},
	
	{
		"name":" play_scene_step_by_tag",
		"value":"myscenestep",
		"helper": "This action will play the loaded scene step at tag",
		"helperTitle": "Scene : Play an scene step at tag"
	},
	
	{
		"name":" play_next_scene_step",
		
		"helper": "This action will play the next step of the loaded scene",
		"helperTitle": "Scene : Play next scene step"
	},
	
	{
		"name":" play_previous_scene_step",
		
		"helper": "This action will play the previous step of the loaded scene",
		"helperTitle": "Scene : Play previous scene step"
	},
	
	
	{
		"name":"spawn_camera",
		"tag":"mycamera",
		"type":"free",
		"entity":"judy",
		"surveillance":false,
		"x":0,
		"y":0,
		"z":0,
		
		"yaw":0,
		"pitch":0,
		"roll":0,
		
		"helper": "This action will spawn an camera object (type can be free or entity, entity will bound the camera to an entity current position and angle, coord become relative to it)",
		"helperTitle": "UI : Spawn Camera"
	},
	
	{
		"name":"move_camera",
		"tag":"mycamera",
		"type":"free",
		"entity":"judy",
		
		"x":0,
		"y":0,
		"z":0,
		
		"yaw":0,
		"pitch":0,
		"roll":0,
		
		"helper": "This action will move an camera object (type can be free or entity, entity will bound the camera to an entity current position and angle, coord become relative to it)",
		"helperTitle": "UI : Move Camera"
	},
	
	{
		"name":"activate_camera",
		"tag":"mycamera",
		
		"helper": "This action will move an camera object (type can be free or entity, entity will bound the camera to an entity current position and angle)",
		"helperTitle": "UI : Active Camera"
	},
	
	
	{
		"name":"delete_camera",
		"tag":"mycamera",
		
		"helper": "This action will delete an camera object ",
		"helperTitle": "UI : Delete Camera"
	},
	
	
	{
		"name": "play_path",
		"tag": "metroVeh",
		"isrelative":false,
		"path":"mypath",
		"separate": false,
		"zoffset": 1,
		"helper": "This action will run a path for a entity.(zoffset) will separate in Z position the entity",
		"helperTitle": "Entity : Play Path"
	},
	
	{
		"name": "run_group_path",
		"tag": "metroVeh",
		"path":"mypath",
		"isrelative":false,
		"separate": false,
		"zoffset": 1,
		"helper": "This action will run a path for a group of entity . (zoffset) will separate in Z position each entity, (separate) will separate each entity",
		"helperTitle": "Group : Play Path"
	},
	{
		"name":"register_last_killed_entity",
		"tag":"killed",
		"helper": "This action will register last killed entity  ",
		"helperTitle": "Entity : Register last killed entity"
	},
	{
		"name":"reset_last_killed_entity",
		
		"helper": "This action will empty last killed entity  ",
		"helperTitle": "Entity : Empty last killed entity"
	},
	
	{
		"name":"set_attribute",
		"value":"Strength",
		"score":5,
		"helper": "This action set player attribute (Possible attributes : Reflexes | Strength | Cool | Intelligence | TechnicalAbility | ColdBlood | Hacking | Stealth | Gunslinger | Kenjutsu | Assault | Crafting | Engineering | Hacking | CombatHacking | Athletics | Demolition | Brawling | StreetCred | Level",
		"helperTitle": "Player : Set Attribute"
	},
	
	{
		"name":"give_skill_point",
		"score":5,
		"helper": "This action will amount an of skill point",
		"helperTitle": "Player : Give Skill Point"
	},
	
	{
		"name":"give_perk_point",
		"score":5,
		"helper": "This action will amount an of perk point",
		"helperTitle": "Player : Give Perk Point"
	},
	
	{
		"name":"set_level",
		"score":5,
		"helper": "This action will set the level of the player",
		"helperTitle": "Player : Set Level"
	},
	
	{
		"name":"toggle_infinite_stamina",
		"value":true,
		"helper": "This action will toogle infinite stamina for the player ",
		"helperTitle": "Player : Toggle infinite stamina"
	},
	
	
	{
		"name":"set_entity_stat",
		"stat":"JumpHeight",
		"modifierType":"Multiplier",
		"value": 2,
		"helper": "This action will set and stat modifier for an entity. look at https://nativedb.red4ext.com/gamedataStatType for the stat and https://nativedb.red4ext.com/gameStatModifierType for the modifiertype ",
		"helperTitle": "Entity : Set Stat Modifier"
	},
	
	
	{
		"name":"set_score",
		"score":"MyScore",
		"key":"MyKey",
		"value": 2,
		"helper": "This action will set a value for a key of a score ",
		"helperTitle": "Score : Set Score"
	},
	
	{
		"name":"operate_score",
		"score":"MyScore",
		"key":"MyKey",
		"value": 2,
		"operator" : "+",
		"min":0,
		"max":5,
		"helper": "This action will operate a value for a key of a score. Operator can be + | -| * | / | positive | negative | random (who take min and max value) ",
		"helperTitle": "Score : Operate Score"
	},
	
	{
		"name":"operate_score_from_another_score",
		"score":"MyScore",
		"key":"MyKey",
		"targetscore":"MyScore2",
		"targetkey":"MyKey2",
		"operator" : "+",
		"helper": "This action will operate a value from a score/key combo to a key of a score. Operator can be + | -| * | / ",
		"helperTitle": "Score : Operate Score from another Score"
	},
	
	{
		"name":"set_variable",
		"variable":"MyVar",
		"key":"MyKey",
		"value": "Hello",
		"helper": "This action will set a value for a key of a Variable ",
		"helperTitle": "Variable : Set Variable"
	},
	
	{
		"name":"concate_variable",
		"variable":"MyVar",
		"key":"MyKey",
		"value": "Hello",
		"helper": "This action will concatenate a value for a key of a Variable ",
		"helperTitle": "Variable : Concatenate Variable"
	},
	
	{
		"name":"concate_variable_with_variable",
		"variable":"MyVar",
		"key":"MyKey",
		"targetvariable":"MyVar2",
		"targetkey":"MyKey2",
		"helper": "This action will concatenate a value from another variable/key combo to a key of a Variable ",
		"helperTitle": "Variable : Concatenate Variable with another Variable"
	},
	{
		"name":"concate_variable_with_score",
		"variable":"MyVar",
		"key":"MyKey",
		"score":"MyScore",
		"scorekey":"MyKey2",
		"helper": "This action will concatenate a value from a score/key combo to a key of a Variable ",
		"helperTitle": "Variable : Concatenate Variable with Score"
	},
	
	{
		"name":"for_entity_around_you",
		"filter":["mox","npc"],
		"range":5,
		"group":"",
		"action": [],
		"helper": "This action will register each entity founded in the player's view in an determined range and filter. \n leave filter at [] for take all. \n The filter will check in the name, display name and appearance of the entity \n The founded entities will be registred in script manager and added in an group called temp_around_group. \n Fill the action list will perform theses action to each founded entities.",
		"helperTitle": "Variable : Concatenate Variable with Score"
	},
	
	{
		"name":"set_scannerdata",
		"tag":"judy01",
		"primaryname":"Judy's Bad Sister",
		"secondaryname": "Twin",
		"level" : 5,
		"rarity" : 0,
		"faction" : "faction_mox",
		"text" : "The evil twin of Judy, don't meet her at night !",
		"bounty" : {
			"transgressions":
			[
				"UnpaidDebt"
			],
			"customtransgressions":
			[
				"cookie eaters"
			],
			"reward":500,
			"streetreward":5,
			"issuedby":"Eli",
			"danger":5
		},
		
		"helper": "This action will register Scanner Data. Bound it to an scripted entity by using the same tag for both",
		"helperTitle": "Scanner : Set Custom Scanner Data"
	},
	
	{
		"name":"edit_scannerdata",
		"tag":"judy01",
		"prop": "primaryname",
		"value":"Judy's Bad Sister",
		"operator":"+",
		"min":1,
		"max":5,
		"helper": "This action will edit an field  Scanner Data. \n Value can be an string for 'primaryname' ,'secondaryname' ,'text' ,'faction' ,'issuedby'  ; \n an number for 'level', 'rarity', 'attitude', 'danger' ,'reward' ,'streetreward' ;\n  an list of text for 'transgressions', 'customtransgressions'. \n for reward or streetreward, Operator can be + | -| * | / | positive | negative | random (who take min and max value). leave it blank result as '=' ",
		"helperTitle": "Scanner : Edit Custom Scanner Data"
	},
	
	
	{
		"name":"delete_scannerdata",
		"tag":"judy01",
		"helper": "This action will delete Scanner Data",
		"helperTitle": "Scanner : Delete Custom Scanner"
	},
	
	{
		"name":"current_place_apply_template",
		"tag":"mytemplate",
		"x":0,
		"y":0,
		"z":0,
		"helper": "This action will apply a template to the current place. XYZ are the center anchor",
		"helperTitle": "Housing : Apply template to current place"
	},
	{
		"name":"current_place_clear_all_item",
		
		"helper": "This action will clear all items in the current place",
		"helperTitle": "Housing : clear all items in current place "
	},

	{
		"name":"current_place_clear_all_template",
		
		"helper": "This action will clear all item that are from a template in the current place",
		"helperTitle": "Housing : clear all item from any template "
	},
	
	{
		"name":"current_place_clear_template",
		"tag":"mytemplate",
		"helper": "This action will clear all item that are from a specific template in the current place",
		"helperTitle": "Housing : clear all item from template "
	},
	
	{
		"name":"bound_entity_to_entity",
		"tag":"item01",
		"entity":"judy01",
		"x":0,
		"y":0,
		"z":3,
		"yaw":0,
		"pitch":0,
		"roll":0,
		"copyrotation":true,
		"isitem":true,
		"helper": "This action will bound entity position to another entity",
		"helperTitle": "Entity : Bound Entity Position to another one "
	},
	
	{
		"name":"unbound_entity",
		"tag":"item01",
		"helper": "This action will unbound entity position",
		"helperTitle": "Entity : Unbound Entity Position  "
	},
	
	{
		"name":"set_entity_highlight",
		"tag":"judy01",
		"value":true,
		"helper": "This action will toggle gold highlight the entity",
		"helperTitle": "Entity : Toggle Hightlight  "
	},
	
				{
				"name": "show_phone_avatar",
				"caller":"NCPD Bounty Departement",
				"desc":"NCPD",
				"image":"Avatar_Ncpd",
			"helper": "This action will show Npc Phone Portrait",
		"helperTitle": "Ui : Show Phone Avatar "
			},
			
						{
				"name": "hide_phone_avatar",
					"helper": "This action will Hide Npc Phone Portrait",
		"helperTitle": "Ui : Hide Phone Avatar "
			},
						{
			  "name":"give_reward_from_scannerdata",
			  "tag":"scanner_mission_target",
			  	"helper": "This action will give money and street cred reward from an scanner data bounty",
		"helperTitle": "Gameplay : Give reward from scanner data "
			},
	
	
	
	]