[{"id":1,"tag":"corpo_cytech","title":"Cytech","category":"Cyberware","owner":2,"ownerLibelle":"Militech","lastOwner":2,"lastOwnerLibelle":"Militech","progression":0,"progressionLibelle":"Same","price":305709,"buyable":true,"lastRank":0,"rank":0,"lastState":1,"lastStateLibelle":"Buyed","lastUpdateDate":"2022-08-01T10:11:32.1298699","lastEvent":null},{"id":2,"tag":"corpo_revere_courier_services","title":"Revere Courier Services","category":"Delivery","owner":1,"ownerLibelle":"Arasaka","lastOwner":1,"lastOwnerLibelle":"Arasaka","progression":0,"progressionLibelle":"Same","price":279717,"buyable":true,"lastRank":0,"rank":0,"lastState":1,"lastStateLibelle":"Buyed","lastUpdateDate":"2022-08-03T10:11:25.6669231","lastEvent":null},{"id":3,"tag":"corpo_orbital_air","title":"Orbital Air","category":"Space","owner":2,"ownerLibelle":"Militech","lastOwner":1,"lastOwnerLibelle":"Arasaka","progression":0,"progressionLibelle":"Same","price":215874,"buyable":true,"lastRank":0,"rank":0,"lastState":1,"lastStateLibelle":"Buyed","lastUpdateDate":"2022-07-13T10:13:53.7018468","lastEvent":null},{"id":4,"tag":"corpo_kiroshi","title":"Kiroshi","category":"Cyberware","owner":2,"ownerLibelle":"Militech","lastOwner":0,"lastOwnerLibelle":"None","progression":0,"progressionLibelle":"Same","price":47293,"buyable":true,"lastRank":0,"rank":0,"lastState":1,"lastStateLibelle":"Buyed","lastUpdateDate":"2022-06-28T14:50:40.9461348","lastEvent":null},{"id":5,"tag":"corpo_network_news_54","title":"Network News 54","category":"News","owner":1,"ownerLibelle":"Arasaka","lastOwner":2,"lastOwnerLibelle":"Militech","progression":0,"progressionLibelle":"Same","price":87415,"buyable":true,"lastRank":0,"rank":0,"lastState":1,"lastStateLibelle":"Buyed","lastUpdateDate":"2022-07-27T10:12:05.7331629","lastEvent":null},{"id":6,"tag":"corpo_segotari","title":"Segotari","category":"Weapons","owner":1,"ownerLibelle":"Arasaka","lastOwner":1,"lastOwnerLibelle":"Arasaka","progression":0,"progressionLibelle":"Same","price":220059,"buyable":true,"lastRank":0,"rank":0,"lastState":1,"lastStateLibelle":"Buyed","lastUpdateDate":"2022-07-24T10:12:27.0909551","lastEvent":null},{"id":7,"tag":"corpo_lazarus","title":"Lazarus","category":"Mercs","owner":1,"ownerLibelle":"Arasaka","lastOwner":3,"lastOwnerLibelle":"KangTao","progression":0,"progressionLibelle":"Same","price":58218,"buyable":true,"lastRank":0,"rank":0,"lastState":1,"lastStateLibelle":"Buyed","lastUpdateDate":"2022-06-29T10:15:30.0249249","lastEvent":null},{"id":8,"tag":"corpo_infocomp","title":"InfoComp","category":"Mercs","owner":2,"ownerLibelle":"Militech","lastOwner":1,"lastOwnerLibelle":"Arasaka","progression":0,"progressionLibelle":"Same","price":160623,"buyable":true,"lastRank":0,"rank":0,"lastState":1,"lastStateLibelle":"Buyed","lastUpdateDate":"2022-08-06T10:10:41.4818828","lastEvent":null},{"id":9,"tag":"corpo_nippon_daily","title":"Nippon Daily","category":"News","owner":1,"ownerLibelle":"Arasaka","lastOwner":2,"lastOwnerLibelle":"Militech","progression":0,"progressionLibelle":"Same","price":219552,"buyable":true,"lastRank":0,"rank":0,"lastState":1,"lastStateLibelle":"Buyed","lastUpdateDate":"2022-08-05T10:10:44.5664459","lastEvent":null},{"id":10,"tag":"corpo_diverse_media_systems","title":"Diverse Media Systems","category":"News","owner":2,"ownerLibelle":"Militech","lastOwner":2,"lastOwnerLibelle":"Militech","progression":0,"progressionLibelle":"Same","price":86623,"buyable":true,"lastRank":0,"rank":0,"lastState":1,"lastStateLibelle":"Buyed","lastUpdateDate":"2022-07-19T10:13:34.5010731","lastEvent":null},{"id":11,"tag":"corpo_world_news_service","title":"World News Service","category":"News","owner":2,"ownerLibelle":"Militech","lastOwner":1,"lastOwnerLibelle":"Arasaka","progression":0,"progressionLibelle":"Same","price":249172,"buyable":true,"lastRank":0,"rank":0,"lastState":1,"lastStateLibelle":"Buyed","lastUpdateDate":"2022-07-29T10:11:59.3420795","lastEvent":null},{"id":12,"tag":"corpo_akaromi_biocorp","title":"Akaromi Biocorp","category":"Biocorp","owner":2,"ownerLibelle":"Militech","lastOwner":2,"lastOwnerLibelle":"Militech","progression":0,"progressionLibelle":"Same","price":300479,"buyable":true,"lastRank":0,"rank":0,"lastState":1,"lastStateLibelle":"Buyed","lastUpdateDate":"2022-08-03T10:11:25.6760252","lastEvent":null},{"id":13,"tag":"corpo_petrochem","title":"Petrochem","category":"Biocorp","owner":0,"ownerLibelle":"None","lastOwner":2,"lastOwnerLibelle":"Militech","progression":0,"progressionLibelle":"Same","price":271966,"buyable":true,"lastRank":0,"rank":0,"lastState":2,"lastStateLibelle":"Selled","lastUpdateDate":"2022-08-06T10:10:41.3351079","lastEvent":null},{"id":14,"tag":"corpo_sovoil","title":"Sovoil","category":"Biocorp","owner":2,"ownerLibelle":"Militech","lastOwner":1,"lastOwnerLibelle":"Arasaka","progression":0,"progressionLibelle":"Same","price":388082,"buyable":true,"lastRank":0,"rank":0,"lastState":1,"lastStateLibelle":"Buyed","lastUpdateDate":"2022-08-05T10:10:44.57528","lastEvent":null},{"id":15,"tag":"corpo_conag","title":"ConAg","category":"Biocorp","owner":0,"ownerLibelle":"None","lastOwner":1,"lastOwnerLibelle":"Arasaka","progression":0,"progressionLibelle":"Same","price":438252,"buyable":true,"lastRank":0,"rank":0,"lastState":2,"lastStateLibelle":"Selled","lastUpdateDate":"2022-08-06T10:10:41.4687597","lastEvent":null},{"id":16,"tag":"corpo_euro_business_machines","title":"Euro Business machines","category":"Cyberware","owner":1,"ownerLibelle":"Arasaka","lastOwner":2,"lastOwnerLibelle":"Militech","progression":0,"progressionLibelle":"Same","price":878447,"buyable":true,"lastRank":0,"rank":0,"lastState":1,"lastStateLibelle":"Buyed","lastUpdateDate":"2022-07-08T10:14:36.5206226","lastEvent":null},{"id":17,"tag":"corpo_internation_electric_corporation","title":"Internation Electric Corporation","category":"Cyberware","owner":2,"ownerLibelle":"Militech","lastOwner":1,"lastOwnerLibelle":"Arasaka","progression":0,"progressionLibelle":"Same","price":1209477,"buyable":true,"lastRank":0,"rank":0,"lastState":1,"lastStateLibelle":"Buyed","lastUpdateDate":"2022-07-08T10:14:36.5295083","lastEvent":null},{"id":18,"tag":"corpo_zetatech","title":"Zetatech","category":"Weapons","owner":2,"ownerLibelle":"Militech","lastOwner":1,"lastOwnerLibelle":"Arasaka","progression":0,"progressionLibelle":"Same","price":159693,"buyable":true,"lastRank":0,"rank":0,"lastState":1,"lastStateLibelle":"Buyed","lastUpdateDate":"2022-07-17T10:13:40.9233945","lastEvent":null},{"id":19,"tag":"corpo_microtech","title":"Microtech","category":"Cyberware","owner":2,"ownerLibelle":"Militech","lastOwner":1,"lastOwnerLibelle":"Arasaka","progression":0,"progressionLibelle":"Same","price":592176,"buyable":true,"lastRank":0,"rank":0,"lastState":1,"lastStateLibelle":"Buyed","lastUpdateDate":"2022-07-08T10:14:36.550175","lastEvent":null},{"id":20,"tag":"corpo_zhirafa","title":"Zhirafa","category":"Weapons","owner":2,"ownerLibelle":"Militech","lastOwner":1,"lastOwnerLibelle":"Arasaka","progression":0,"progressionLibelle":"Same","price":19240,"buyable":true,"lastRank":0,"rank":0,"lastState":1,"lastStateLibelle":"Buyed","lastUpdateDate":"2022-08-06T10:10:41.4558691","lastEvent":null},{"id":21,"tag":"corpo_bakumatsu_chipmasters","title":"Bakumatsu Chipmasters","category":"Cyberware","owner":1,"ownerLibelle":"Arasaka","lastOwner":2,"lastOwnerLibelle":"Militech","progression":0,"progressionLibelle":"Same","price":294773,"buyable":true,"lastRank":0,"rank":0,"lastState":1,"lastStateLibelle":"Buyed","lastUpdateDate":"2022-07-29T10:11:59.3243231","lastEvent":null},{"id":22,"tag":"corpo_biotechnica","title":"Biotechnica","category":"Biocorp","owner":2,"ownerLibelle":"Militech","lastOwner":2,"lastOwnerLibelle":"Militech","progression":0,"progressionLibelle":"Same","price":260099,"buyable":true,"lastRank":0,"rank":0,"lastState":1,"lastStateLibelle":"Buyed","lastUpdateDate":"2022-07-12T10:13:57.0410189","lastEvent":null},{"id":23,"tag":"corpo_arasaka","title":"Arasaka","category":"Group","owner":1,"ownerLibelle":"Arasaka","lastOwner":0,"lastOwnerLibelle":"None","progression":0,"progressionLibelle":"Same","price":42279643,"buyable":false,"lastRank":1,"rank":1,"lastState":0,"lastStateLibelle":"Free","lastUpdateDate":"2022-08-06T10:11:42.1338004","lastEvent":null},{"id":24,"tag":"corpo_militech","title":"Militech","category":"Group","owner":2,"ownerLibelle":"Militech","lastOwner":0,"lastOwnerLibelle":"None","progression":2,"progressionLibelle":"Up","price":75167502,"buyable":false,"lastRank":2,"rank":1,"lastState":0,"lastStateLibelle":"Free","lastUpdateDate":"2022-08-06T10:10:41.3354717","lastEvent":null},{"id":25,"tag":"corpo_kangtao","title":"KangTao","category":"Group","owner":3,"ownerLibelle":"KangTao","lastOwner":0,"lastOwnerLibelle":"None","progression":2,"progressionLibelle":"Up","price":223738905,"buyable":false,"lastRank":3,"rank":1,"lastState":0,"lastStateLibelle":"Free","lastUpdateDate":"2022-08-06T10:10:41.5087331","lastEvent":3}]