[{
        "X": -116.675049,
        "Y": 119.875946,
        "Z": 12.40081,
        "name": "Charter Hill"
    }, {
        "X": -1023.747253,
        "Y": -346.75293,
        "Z": 5.747658,
        "name": "Congress MLK"
    }, {
        "X": -2066.939941,
        "Y": 481.599426,
        "Z": 8.052666,
        "name": "Downtown Alexander St"
    }, {
        "X": -1364.738647,
        "Y": -657.802734,
        "Z": 5.862694,
        "name": "Ebunike"
    }, {
        "X": -1769.85498,
        "Y": 1867.438721,
        "Z": 18.266228,
        "name": "Eisenhower St"
    }, {
        "X": -1387.395752,
        "Y": 1031.253052,
        "Z": 27.120079,
        "name": "Ellison St"
    }, {
        "X": -1605.152466,
        "Y": 1475.684814,
        "Z": 18.21315,
        "name": "Farrier St"
    }, {
        "X": -1550.820068,
        "Y": -645.377808,
        "Z": 5.644722,
        "name": "Glen North"
    }, {
        "X": -1589.916626,
        "Y": -1303.983398,
        "Z": 47.983864,
        "name": "Glen South"
    }, {
        "X": -565.596558,
        "Y": 208.287003,
        "Z": 22.27832,
        "name": "Japantown South"
    }, {
        "X": -2119.529785,
        "Y": -697.364868,
        "Z": 6.807755,
        "name": "Market St"
    }, {
        "X": -1419.682251,
        "Y": 1759.183472,
        "Z": 16.267494,
        "name": "Med Center"
    }, {
        "X": 131.369156,
        "Y": -1134.585693,
        "Z": 31.604141,
        "name": "Megabuilding H7"
    }, {
        "X": -1326.254639,
        "Y": -38.584312,
        "Z": -3.849998,
        "name": "Memorial Park"
    }, {
        "X": -527.089355,
        "Y": 1130.915649,
        "Z": 34.69381,
        "name": "Monroe St"
    }, {
        "X": -1476.540527,
        "Y": 461.430115,
        "Z": 5.816879,
        "name": "Republic Way"
    }, {
        "X": -1544.98584,
        "Y": -1949.305542,
        "Z": 62.844879,
        "name": "Stadium"
    }, {
        "X": -1065.882202,
        "Y": -1428.346924,
        "Z": 30.800568,
        "name": "Wolleson St"
    }, {
        "X": -1457.519043,
        "Y": 1180.812988,
        "Z": 45.969971,
        "name": "Zocalo"
    }, {
        "X": -2249.422607,
        "Y": 2790.595703,
        "Z": 6.998512,
        "name": "Arasaka Waterfront North"
    }, {
        "X": -2158.543945,
        "Y": 1992.921631,
        "Z": 18.179993,
        "name": "California & Pershing"
    }, {
        "X": -187.235092,
        "Y": -1498.562744,
        "Z": 7.651115,
        "name": "Arasaka Industrial Park"
    }, {
        "X": -681.783813,
        "Y": -1253.090088,
        "Z": 8.917519,
        "name": "Hargreaves St"
    }, {
        "X": -966.621643,
        "Y": -1772.664063,
        "Z": 11.139526,
        "name": "Megabuilding H4"
    }, {
        "X": -210.115601,
        "Y": -851.74054,
        "Z": 7.636658,
        "name": "Megabuilding H6"
    }, {
        "X": -506.188141,
        "Y": -760.18335,
        "Z": 7.425468,
        "name": "MLK & Brandon"
    }, {
        "X": -735.576233,
        "Y": -978.767334,
        "Z": 7.871933,
        "name": "Red Dirt Bar"
    }, {
        "X": 121.17276,
        "Y": -631.823364,
        "Z": 7.586708,
        "name": "Republic East"
    }, {
        "X": 683.641724,
        "Y": -593.125793,
        "Z": 9.958153,
        "name": "San Amaro St"
    }, {
        "X": 191.919556,
        "Y": -281.097382,
        "Z": 6.850464,
        "name": "Dynalar"
    }, {
        "X": -230.333893,
        "Y": 306.175964,
        "Z": 29.550003,
        "name": "Gold Niwaki Plaza"
    }, {
        "X": -176.279922,
        "Y": -82.963379,
        "Z": 7.199997,
        "name": "Lele Park"
    }, {
        "X": 3.551506,
        "Y": -343.570831,
        "Z": 8.247482,
        "name": "Longshore South"
    }, {
        "X": -57.159065,
        "Y": -49.195641,
        "Z": 7.179688,
        "name": "Luxury Apartments"
    }, {
        "X": -1861.534058,
        "Y": -1936.552734,
        "Z": 48.520454,
        "name": "Batty's Hotel"
    }, {
        "X": -1771.104004,
        "Y": -1947.012085,
        "Z": 57.196289,
        "name": "Chapel"
    }, {
        "X": -2187.65332,
        "Y": -2206.135498,
        "Z": 11.872383,
        "name": "Grand Imperial Mall"
    }, {
        "X": -1879.028564,
        "Y": -1626.88269,
        "Z": 18.023087,
        "name": "Pacifica Pier"
    }, {
        "X": -1306.253662,
        "Y": -1670.670898,
        "Z": 44.026413,
        "name": "Stadium Parking"
    }, {
        "X": -1447.876465,
        "Y": 43.759552,
        "Z": 16.133087,
        "name": "Arasaka Tower"
    }, {
        "X": -1624.481689,
        "Y": -333.415283,
        "Z": -13.775887,
        "name": "Reconciliation Park"
    }, {
        "X": -1148.35498,
        "Y": 135.84169,
        "Z": 7.351761,
        "name": "Ring Road"
    }, {
        "X": -1859.911255,
        "Y": 674.854797,
        "Z": 10.721786,
        "name": "Berkley & Bruce Skiv"
    }, {
        "X": -2115.05542,
        "Y": 260.345886,
        "Z": 7.899048,
        "name": "Downtown Central"
    }, {
        "X": -1520.733521,
        "Y": 693.01062,
        "Z": 8.889977,
        "name": "Downtown North"
    }, {
        "X": -2393.063965,
        "Y": 88.819763,
        "Z": 12.252205,
        "name": "Gold Beach Marina"
    }, {
        "X": -1755.175659,
        "Y": 185.812897,
        "Z": 16.682281,
        "name": "Halsey & MLK"
    }, {
        "X": -2354.598389,
        "Y": 432.451263,
        "Z": 7.852264,
        "name": "Skyline & Republic"
    }, {
        "X": -519.242798,
        "Y": 1608.657349,
        "Z": 32.84687,
        "name": "Capitola St"
    }, {
        "X": -701.197021,
        "Y": 952.707153,
        "Z": 12.0,
        "name": "Cherry Blossom Market"
    }, {
        "X": -418.835938,
        "Y": 484.581635,
        "Z": 30.162666,
        "name": "Crescent & Broad"
    }, {
        "X": -304.737213,
        "Y": 222.058502,
        "Z": 28.793533,
        "name": "Dark Matter"
    }, {
        "X": -301.440247,
        "Y": 1088.926147,
        "Z": 65.659531,
        "name": "Fourth Wall Studios"
    }, {
        "X": -882.735962,
        "Y": 1313.359497,
        "Z": 22.410698,
        "name": "Japantown West"
    }, {
        "X": -704.121216,
        "Y": 762.28894,
        "Z": 32.70961,
        "name": "Megabuilding H8"
    }, {
        "X": -388.168396,
        "Y": 702.382019,
        "Z": 115.000351,
        "name": "Redwood Market"
    }, {
        "X": -714.925049,
        "Y": 1277.999023,
        "Z": 29.565125,
        "name": "Sagan & Diamond"
    }, {
        "X": -695.519409,
        "Y": 403.685699,
        "Z": 19.427155,
        "name": "Silk Road West"
    }, {
        "X": -456.937866,
        "Y": 1402.395508,
        "Z": 37.288055,
        "name": "Skyline & Salinas"
    }, {
        "X": -1087.368286,
        "Y": 1312.513672,
        "Z": 5.374847,
        "name": "Allen St South"
    }, {
        "X": -1129.874268,
        "Y": 1486.755005,
        "Z": 30.247276,
        "name": "Bellevue Overwalk"
    }, {
        "X": -846.116577,
        "Y": 1835.391968,
        "Z": 36.191414,
        "name": "Charter St"
    }, {
        "X": -1054.526245,
        "Y": 1572.82019,
        "Z": 2.538277,
        "name": "Creek Loop"
    }, {
        "X": -1183.310181,
        "Y": 1365.121094,
        "Z": 20.305519,
        "name": "Kabuki Central"
    }, {
        "X": -1158.939819,
        "Y": 2014.353149,
        "Z": 12.077278,
        "name": "Kabuki Market"
    }, {
        "X": -1213.7052,
        "Y": 1880.890137,
        "Z": 22.503624,
        "name": "Kennedy North"
    }, {
        "X": -1154.623413,
        "Y": 1160.797974,
        "Z": 17.336678,
        "name": "Pinewood St South"
    }, {
        "X": -1202.710083,
        "Y": 1616.870239,
        "Z": 22.913216,
        "name": "Sutter St"
    }, {
        "X": -1470.313232,
        "Y": 1062.898682,
        "Z": 22.690002,
        "name": "Afterlife"
    }, {
        "X": -1555.838379,
        "Y": 1246.163086,
        "Z": 19.060921,
        "name": "Bradbury & Buran"
    }, {
        "X": -2022.412109,
        "Y": 1641.620239,
        "Z": 9.099998,
        "name": "California & Cartwright"
    }, {
        "X": -1974.476318,
        "Y": 1180.099487,
        "Z": 12.140587,
        "name": "Clarendon St"
    }, {
        "X": -1608.029541,
        "Y": 1772.902588,
        "Z": 18.380005,
        "name": "Drake Ave"
    }, {
        "X": -1520.434082,
        "Y": 1551.927002,
        "Z": 18.200005,
        "name": "Goldsmith St"
    }, {
        "X": -1397.0802,
        "Y": 1277.981689,
        "Z": 123.082413,
        "name": "Megabuilding H10 Atrium"
    }, {
        "X": -1381.996826,
        "Y": 1970.703613,
        "Z": 23.303986,
        "name": "Megabuilding H10"
    }, {
        "X": -1658.803955,
        "Y": 997.907043,
        "Z": 23.842079,
        "name": "Riot"
    }, {
        "X": 485.87616,
        "Y": 1223.923828,
        "Z": 229.25322,
        "name": "Arasaka Estate"
    }, {
        "X": 153.37262,
        "Y": 576.671753,
        "Z": 117.253189,
        "name": "Columbarium"
    }, {
        "X": -72.395996,
        "Y": 1988.022339,
        "Z": 100.879242,
        "name": "DriveIn Theater"
    }, {
        "X": 222.213425,
        "Y": 1077.246216,
        "Z": 200.585983,
        "name": "Kerry Eurodyne's Residence"
    }, {
        "X": 282.900299,
        "Y": 800.548462,
        "Z": 146.61853,
        "name": "North Oak Sign"
    }, {
        "X": -2495.746094,
        "Y": 3583.858643,
        "Z": 12.938057,
        "name": "101 North"
    }, {
        "X": 4347.493164,
        "Y": -721.7453,
        "Z": 147.884262,
        "name": "Big Rock"
    }, {
        "X": 880.091492,
        "Y": -2991.241211,
        "Z": 204.616104,
        "name": "Dam"
    }, {
        "X": 3202.316406,
        "Y": 620.702759,
        "Z": 104.465958,
        "name": "Desert Film Set"
    }, {
        "X": 2458.574951,
        "Y": -1280.171875,
        "Z": 63.646767,
        "name": "Edgewood Farm"
    }, {
        "X": 4539.604492,
        "Y": -2132.445801,
        "Z": 183.254547,
        "name": "Far Ridge"
    }, {
        "X": 4963.110352,
        "Y": -740.377075,
        "Z": 135.504868,
        "name": "I9 East"
    }, {
        "X": 911.966309,
        "Y": -3497.900146,
        "Z": 184.13739,
        "name": "Lake Farm"
    }, {
        "X": 1443.871338,
        "Y": -1370.475952,
        "Z": 51.342392,
        "name": "Medeski Fuel Station"
    }, {
        "X": 3427.984863,
        "Y": -361.161224,
        "Z": 134.111588,
        "name": "Mobile Camp"
    }, {
        "X": 1802.272705,
        "Y": 2248.45874,
        "Z": 180.203171,
        "name": "Nomad Camp"
    }, {
        "X": -1835.562988,
        "Y": 3718.814941,
        "Z": 7.013145,
        "name": "Oil Fields"
    }, {
        "X": 3703.128418,
        "Y": -1682.625732,
        "Z": 123.686722,
        "name": "Old Turbines"
    }, {
        "X": 2534.697266,
        "Y": -95.649689,
        "Z": 81.437546,
        "name": "Rocky Ridge"
    }, {
        "X": 1634.063477,
        "Y": -738.236633,
        "Z": 49.895164,
        "name": "Sunset Motel"
    }, {
        "X": 3583.372803,
        "Y": -895.978638,
        "Z": 119.432892,
        "name": "Sunshine Motel"
    }, {
        "X": 3079.850586,
        "Y": -2224.27002,
        "Z": 131.526901,
        "name": "Wraith Camp"
    }, {
        "X": -715.770325,
        "Y": 2181.695068,
        "Z": 53.083183,
        "name": "All Foods Plant"
    }, {
        "X": -1869.098877,
        "Y": 2701.500977,
        "Z": 7.18692,
        "name": "Docks"
    }, {
        "X": -541.817627,
        "Y": 1855.66333,
        "Z": 36.308365,
        "name": "East"
    }, {
        "X": -1480.964111,
        "Y": 2956.828857,
        "Z": 7.16745,
        "name": "Ebunike Docks"
    }, {
        "X": -600.727417,
        "Y": 2582.864014,
        "Z": 53.788757,
        "name": "Longshore North"
    }, {
        "X": -1256.19873,
        "Y": 2913.80542,
        "Z": 7.186905,
        "name": "Offshore St"
    }, {
        "X": -1731.432617,
        "Y": 2308.383789,
        "Z": 18.153419,
        "name": "Pershing St"
    }, {
        "X": 60.00367,
        "Y": -1926.943848,
        "Z": 2.488144,
        "name": "Almunecar & Jerez"
    }, {
        "X": 365.050415,
        "Y": -1688.970215,
        "Z": 9.478279,
        "name": "Kendal Park"
    }, {
        "X": 312.330292,
        "Y": -1420.690552,
        "Z": 15.142372,
        "name": "Mallagra & Manzanita"
    }, {
        "X": -152.257568,
        "Y": -2016.054443,
        "Z": 6.166382,
        "name": "Piez"
    }, {
        "X": 436.093536,
        "Y": -2147.283691,
        "Z": 14.606949,
        "name": "Rancho Coronado East"
    }, {
        "X": 703.16687,
        "Y": -980.638489,
        "Z": 28.830177,
        "name": "Rancho Coronado North"
    }, {
        "X": -498.026093,
        "Y": -1850.947876,
        "Z": 7.42717,
        "name": "Rancho Coronado South"
    }, {
        "X": 772.541748,
        "Y": -2111.575928,
        "Z": 172.688416,
        "name": "Tama Viewpoint"
    }, {
        "X": 1193.787354,
        "Y": -592.487732,
        "Z": 32.642372,
        "name": "Trailer Park"
    }, {
        "X": -1121.068726,
        "Y": -5584.205566,
        "Z": 92.351715,
        "name": "Abandoned Fuel Station"
    }, {
        "X": -765.01062,
        "Y": -2437.524658,
        "Z": 14.164856,
        "name": "Abandoned Parking Lot"
    }, {
        "X": -85.442413,
        "Y": -4357.510742,
        "Z": 58.925934,
        "name": "Autowerks"
    }, {
        "X": -2810.448486,
        "Y": -5434.768555,
        "Z": 96.817169,
        "name": "Border Checkpoint"
    }, {
        "X": -1795.271851,
        "Y": -4324.356445,
        "Z": 74.362686,
        "name": "Fuel Station"
    }, {
        "X": -1355.061646,
        "Y": -3701.890625,
        "Z": 55.518593,
        "name": "Las Palapas Motel"
    }, {
        "X": -3479.191162,
        "Y": -4183.936523,
        "Z": 68.088974,
        "name": "Protein Farm"
    }, {
        "X": -1514.275391,
        "Y": -5080.505371,
        "Z": 83.015884,
        "name": "Regional Airport"
    }, {
        "X": -661.301819,
        "Y": -3836.813477,
        "Z": 72.034531,
        "name": "Solar Arrays"
    }, {
        "X": -176.182175,
        "Y": -2612.593018,
        "Z": 28.585411,
        "name": "Solar Power Station"
    }, {
        "X": -201.9673,
        "Y": -4915.733887,
        "Z": 77.367416,
        "name": "Tango Tors Motel"
    }, {
        "X": -1327.961792,
        "Y": -1003.418335,
        "Z": 12.345001,
        "name": "El Coyote Cojo"
    }, {
        "X": -1774.093262,
        "Y": -510.787659,
        "Z": 10.144997,
        "name": "Embers"
    }, {
        "X": -1219.670898,
        "Y": -1208.430176,
        "Z": 32.824081,
        "name": "Hanford Overpass"
    }, {
        "X": -1177.690674,
        "Y": -916.811401,
        "Z": 12.874184,
        "name": "Megabuilding H3"
    }, {
        "X": -1719.818115,
        "Y": -885.937805,
        "Z": 8.586227,
        "name": "Palms View Way"
    }, {
        "X": -1888.54187,
        "Y": -574.476196,
        "Z": 7.874062,
        "name": "Senate Market"
    }, {
        "X": -1610.918823,
        "Y": -1180.415405,
        "Z": 24.885757,
        "name": "Valentino Alley"
    }, {
        "X": -1860.286377,
        "Y": -1206.148193,
        "Z": 20.227318,
        "name": "Ventura & Skyline"
    }, {
        "X": -982.161499,
        "Y": -597.758911,
        "Z": 8.199997,
        "name": "College St"
    }, {
        "X": -1222.185913,
        "Y": -447.833893,
        "Z": 8.147102,
        "name": "Congress & Madison"
    }, {
        "X": -890.029236,
        "Y": -83.328903,
        "Z": 7.229996,
        "name": "Delamain HQ"
    }, {
        "X": -923.600098,
        "Y": 105.552841,
        "Z": 7.315536,
        "name": "Petrel St"
    }, {
        "X": -597.018066,
        "Y": -121.825409,
        "Z": 7.68,
        "name": "Republic & Vine"
    }, {
        "X": -1048.470947,
        "Y": -914.859741,
        "Z": 8.182121,
        "name": "Shooting Range"
    }, {
        "X": -657.839233,
        "Y": -434.428345,
        "Z": 8.199997,
        "name": "Skyline East"
    }, {
        "X": -1419.294434,
        "Y": 2225.762451,
        "Z": 18.200005,
        "name": "Martin St"
    }, {
        "X": -2232.568604,
        "Y": -364.378632,
        "Z": 17.328758,
        "name": "Berkeley & Bay"
    }, {
        "X": -2439.859863,
        "Y": -537.561523,
        "Z": 6.900009,
        "name": "Cannery Plaza"
    }, {
        "X": -2402.859863,
        "Y": -71.859482,
        "Z": 8.101974,
        "name": "Corporation St"
    }, {
        "X": -2121.614258,
        "Y": -1120.571533,
        "Z": 32.737091,
        "name": "Megabuilding H2"
    }, {
        "X": -2357.700684,
        "Y": -810.109253,
        "Z": 12.903328,
        "name": "Palms View Plaza"
    }, {
        "X": -2302.093018,
        "Y": -1108.038696,
        "Z": 14.000122,
        "name": "Parque del Mar"
    }, {
        "X": -2410.070801,
        "Y": -961.201172,
        "Z": 8.134583,
        "name": "Pumping Station"
    }, {
        "X": -2658.55835,
        "Y": -2487.677979,
        "Z": 18.039314,
        "name": "West Wind Apartments"
    }
]
