{
    "testOverwrite": "Overwrite",
	"districtFriendly":"009933",
	"districtNeutral":"0099cc",
	"districtHostile":"ff0000",
	"InteractText":"ff5145",
	"locationUICustomPlace":"28F0FF",
	"locationUICustomRoom":"28F0FF",
	"AmbushfrequencyTime":"28F0FF",
	"SetAmbushMinTime":"28F0FF",
	"QuestTitle":"28F0FF",
	"DangerMessage":"ad898c",
	"QuestContentBG":"5df6ff",
	"QuestContent":"ffffff",
	"QuestMissionInfo":"28F0FF",
	"EntitySelectionWindows":"009933",
	"MultiNicknameWindowsText":"ffffff",
	"EnabledColor":"009933",
	"DisabledColor":"ff0000",
	"AddressPhoneWindowsButton":"008D7E",
	"AddressPhoneWindowsText":"FFCA33",
	"AddressPhoneWindowsInfoText":"ff5145",
	"MyPlacePhoneWindowsButton":"008D7E",
	"MyPlacePhoneWindowsText":"FFCA33",
	"MyPlacePhoneWindowsInfoText":"ff5145",
	"HousingWindowsButton":"54c8ff",
	"HousingWindowsText":"FFCA33",
	"HousingWindowsPlacingItemText":"ff5145",
	"HousingWindowsPlacingItemButton":"003300",
	"phoneWindowsBG":"000000",
	"phoneWindowsBGTransparency":0.1,
	"PhoneLogoText":"0ebff1",
	"PhoneLogo":"941005",
	"PhoneLogoBorder":"941005",
	"PhoneLogoTransparency":0.1,
	"PhoneContactTabButton":"54c8ff",
	"PhoneContactTabText":"FFCA33",
	"PhoneContactSquareAnimationColor":"941005",
	"PhoneContactActionButton":"941005",
	"PhoneContactActionText":"FFFFFF",
	"PhoneFixerTabButton":"059405",
	"PhoneFixerTabText":"FFCA33",
	"PhoneFixerSquareAnimationColor":"059405",
	"PhoneFixerActionButton":"941005",
	"PhoneFixerActionText":"FFFFFF",
	"PhoneTaxiTabButton":"117cd4",
	"PhoneTaxiTabText":"FFCA33",
	"PhoneTaxiSquareAnimationColor":"117cd4",
	"PhoneTaxiActionButton":"941005",
	"PhoneTaxiActionText":"941005",
	"PhoneRelationText":"FFCA33",
	"PhoneRelationButton":"008D7E",
	"PhoneRadioText":"FFCA33",
	"PhoneRadioButton":"008D7E",
	"DialogUISpeakerName":"FF5C4F",
	"DialogUISpeakerText":"00EDFF",
	"DialogUIFirstAnswerBG":"FFC500",
	"DialogUIAnswerBG":"28F0FF"
}