[{
		"name": "auto",
		"helper": "This trigger will be triggered without need anything (default)",
		"helperTitle": "Auto"
	},
	{
		"name": "player_corpo_faction",
		"value": "Arasaka",
		"helper": "This trigger will be triggered when player has the intended corpo faction : None, Arasaka, Militech, KangTao, Nomad",
		"helperTitle": "Corpo : Get Player Faction"
	},

	{
		"name": "player_corpo_faction_rank",
		"value": "Salaryman",
		"helper": "This trigger will be triggered when player has the intended corpo faction : None,Mercs,Salaryman,Leader,Manager,Officier,ExecutiveOfficier,Director,President,Investor,Owner",
		"helperTitle": "Corpo : Get Player Faction Rank"
	},

	{
		"name": "player_is_online",

		"helper": "This trigger will be triggered when player is online",
		"helperTitle": "Multi : Player is online"
	},

	{
		"name": "interact_is_forceloaded",
		"tag": "myinteract",
		"helper": "This trigger will be triggered when an interact is forceloaded",
		"helperTitle": "Interact : Is Force Loaded"
	},
	{
		"name": "entity_at_relative_player_position",
		"x": 0,
		"y": 0,
		"z": 0,
		"range": 0,
		"tag": "judy01",
		"helper": "This trigger will be triggered when a custom entity is at player's relative position",
		"helperTitle": "Entity : At player's relative position"
	},
	{
		"name": "entity_at_position",
		"x": 0,
		"y": 0,
		"z": 0,
		"range": 0,
		"tag": "judy01",
		"helper": "This trigger will be triggered when a custom entity is at position",
		"helperTitle": "Entity : At position"
	},
	{
		"name": "can_use_preventionsystemspawn",
		"helper": "This trigger will be triggered when the current amount of spawned entity with prevention system is under 50",
		"helperTitle": "Entity : Can use Prevention System"
	},
	{
		"name": "entity_is_at_mappin_position",
		"tag": "mymappin",
		"entity": "judy",
		"range": 5,
		"helper": "This trigger will be triggered when a entity is at mappin position",
		"helperTitle": "Entity : Entity is at mappin position"
	},
	{
		"name": "entity_path_is_finish",
		"tag": "testMetro",
		"helper": "This trigger will be triggered when a custom entity path is finished",
		"helperTitle": "Entity : has finished his path"
	},
	{
		"name": "is_arrived_to_destination",
		"tag": "delamain",
		"range": 5,
		"helper": "This trigger will be triggered when entity is arrived to their destination",
		"helperTitle": "Entity : Is Arrived to Destination"
	},
	{
		"name": "entity_in_faction",
		"tag": "judy01",
		"faction": "faction_mox",
		"helper": "This trigger will be triggered when entity is in targeted Faction",
		"helperTitle": "Entity : Is in Faction"
	},
	{
		"name": "entity_in_state",
		"tag": "judy01",
		"value": 0,
		"help": " 0 = Alerted||1 = Any||2= Combat||3 = Dead||4 = Fear||5 = Relaxed||6 = Stealth||7 = Unconscious||8 = Wounded ",
		"helper": "This trigger will be triggered when entity is in current State ",
		"helperTitle": "Entity : Is in State"
	},
	{
		"name": "entity_is_in_node",
		"tag": "Judy",
		"range": 5,
		"atgameplayposition": true,
		"helper": "This trigger will be triggered when entity is in node",
		"helperTitle": "Entity : Is In Node"
	},
	{
		"name": "entity_is_in_specific_node",
		"tag": "Judy",
		"node": "myNode",
		"range": 5,
		"atgameplayposition": true,
		"helper": "This trigger will be triggered when entity is in node",
		"helperTitle": "Entity : Is In Specific Node"
	},
	{
		"name": "entity_looked_is_gangfriendly",
		"helper": "This trigger will be triggered when the entity that you look at has  positive gang affinity",
		"helperTitle": "Entity : Looked Entity is Gang Friendly"
	},
	{
		"name": "entity_looked_is_registered_as_companion",
		"helper": "This trigger will be triggered when the entity that you look at has companion attitude towards player",
		"helperTitle": "Entity : Looked Entity is Registred as Companion"
	},
	{
		"name": "entity_looked_is_custom_av",
		"helper": "This trigger will be triggered when the entity that you look has been registred as Custom AV",
		"helperTitle": "Entity : Looked Entity is Registred as Custom AV"
	},
	{
		"name": "entity_looked_is_registered",
		"helper": "This trigger will be triggered when the entity that you look has been registred as entity",
		"helperTitle": "Entity : Looked Entity is Registred as Entity"
	},
	{
		"name": "entity_path_is_finish",
		"tag": "Judy",
		"helper": "This trigger will be triggered when entity path is finished",
		"helperTitle": "Entity : Path is Finish"
	},
	{
		"name": "entity_inbuilding",
		"tag": "judy01",
		"helper": "This trigger will be triggered when a custom entity is inside",
		"helperTitle": "Entity : in building"
	},
	{
		"name": "killed_entity",
		"tag": "entitytag",
		"helper": "This trigger will be triggered when a custom entity is killed",
		"helperTitle": "Entity : is Killed"
	},
	{
		"name": "entity_is_spawn",
		"tag": "entitytag",
		"helper": "This trigger will be triggered when a entity is spawned",
		"helperTitle": "Entity : is spawn "
	},
	{
		"name": "check_gang_district_score",
		"faction": "faction_mox",
		"district": "district_westbrook",
		"value": 5,
		"helper": "This trigger will be triggered when Gang has a District Score higher or equals to the value",
		"helperTitle": "Gang : Check District Score"
	},
	{
		"name": "gang_affinity",
		"value": "faction_mox",
		"score": 50,
		"helper": "This trigger will be triggered when you has enough affinity with a specific gang",
		"helperTitle": "Gang : Score is higher or equal to"
	},
	{
		"name": "group_is_spawn",
		"tag": "grouptag",
		"helper": "This trigger will be triggered when all of custom entities in a group has spawned",
		"helperTitle": "Group : Is spawned"
	},
	{
		"name": "killed_group",
		"tag": "grouptag",
		"helper": "This trigger will be triggered when all custom entities in a group are killed",
		"helperTitle": "Group : is Killed"
	},
	{
		"name": "place_canbe_buyed",
		"helper": "This trigger will be triggered when you are in a custom place that can be buyed",
		"helperTitle": "House : Current One can be buyed"
	},
	{
		"name": "place_canbe_rented",
		"helper": "This trigger will be triggered when you are in a custom place that can be rented",
		"helperTitle": "House : Current One can open a business"
	},
	{
		"name": "custom_place",
		"value": "customplacetag01",
		"helper": "This trigger will be triggered when you are at a specific custom place",
		"helperTitle": "House : in specific Custom Place"
	},
	{
		"name": "custom_place_type",
		"value": 0,
		"help": "-- 0 : house|| 1 : bar|| 2 : nightclub|| 3 : restaurant|| 4 : shopping|| 5 : special",
		"helper": "This trigger will be triggered when you are in a custom place who has this type",
		"helperTitle": "House : in specific Custom Place Type"
	},
	{
		"name": "custom_room",
		"value": "customroomtag",
		"helper": "This trigger will be triggered when you are in a specific custom room (by tag)",
		"helperTitle": "House : in specific Custom Room"
	},
	{
		"name": "custom_room_type",
		"value": 0,
		"help": "-- 0 : drink|| 1 : Eat|| 2 : Do",
		"helper": "This trigger will be triggered when you are in a custom room that has this type",
		"helperTitle": "House : in specific Custom Room Type"
	},
	{
		"name": "item_amount",
		"value": "skippy",
		"score": 1,
		"helper": "This trigger will be triggered when you has a specific item and amount in your inventory",
		"helperTitle": "Items : Amount in Inventory"
	},
	{
		"name": "item",
		"value": "skippy",
		"helper": "This trigger will be triggered when you has a specific item in your inventory",
		"helperTitle": "Items : In Inventory"
	},
	{
		"name": "compare",
		"trigger": {
			"name": "killed_entity",
			"tag": "entitytag"
		},
		"expected": true,
		"helper": "This trigger will be triggered when the trigger that you set has the same statut that you put in (expected)",
		"helperTitle": "Logic : Compare"
	},
	{
		"name": "testFor",
		"triggers": [{
				"name": "killed_entity",
				"tag": "entitytag"
			},
			{
				"name": "group_is_spawn",
				"tag": "grouptag"
			},
			{
				"name": "entity_is_spawn",
				"tag": "entitytag"
			}
		],
		"logic": "or||and",
		"helper": "This trigger will be triggered when all of the trigger are triggered by the logic you choose.",
		"helperTitle": "Logic : Test For"
	},
	{
		"name": "current_district",
		"value": "Watson",
		"help": "Badlands||CityCenter||Heywood||NorthBadlands||Pacifica||SantoDomingo||SouthBadlands||Watson||Westbrook",
		"helper": "This trigger will be triggered when you are in a specific district",
		"helperTitle": "Map : Current District"
	},
	{
		"name": "current_subdistrict",
		"value": "Kabuki",
		"help": "Vista_del_rey_Abandoned_Apartment_Building||ArasakaWaterfront_AbandonedWarehouse||LittleChina_Afterlife||Northside_All_Foods||CorpoPlaza_ArasakaTowerAtrium||CorpoPlaza_ArasakaTowerCEOFloor||CorpoPlaza_ArasakaTowerJenkins||CorpoPlaza_ArasakaTowerJungle||CorpoPlaza_ArasakaTowerLobby||CorpoPlaza_ArasakaTowerNest||CorpoPlaza_ArasakaTowerSaburoOffice||CorpoPlaza_ArasakaTowerUnlistedFloors||CorpoPlaza_ArasakaTowerUpperAtrium||Arroyo_Arasaka_Warehouse||ArasakaWaterfront||NorthOaks_Arasaka_Estate||Arroyo||Coastview_BattysHotel||Badlands_BiotechnicaFlats||Coastview_ButcherShop||RanchoCoronado_Caliente||CharterHill||Arroyo_ClairesGarage||Northside_CleanCut||JapanTown_Clouds||Coastview||NorthOaks_Columbarium||CorpoPlaza||Arroyo_CytechFactory||JapanTown_DarkMatter||Vista_del_Rey_Delamain||NorthOaks_Denny_Estate||Downtown||Badlands_DryCreek||SouthBadlands_EdgewoodFarm||Vista_del_rey_ElCoyoteCojo||Glen_Embers||JapanTown_Fingers||JapanTown_FourthWallBdStudio||Glen||Coastview_GrandImperialMall||RanchoCoronado_GunORama||JapanTown_HiromisApartment||Badlands_JacksonPlains||JapanTown||Downtown_Jinguji||Kabuki_JudysApartment||Kabuki||Arroyo_Kendachi||Arroyo_KenmoreCafe||NorthOaks_Kerry_Estate||ArasakaWaterfront_KonpekiPlaza||Vista_del_Rey_LaCatrina||Badlands_LagunaBend||LagunaBend_LakeHut||Badlands_LasPalapas||Arroyo_LasPalapas||LittleChina||Kabuki_LizziesBar||JapanTown_MegabuildingH8||LittleChina_MistysShop||Glen_MusicStore||Glen_NCPDLab||NorthOaks||Northside||Kabuki_NoTellMotel||RanchoCoronado_Piez||SouthBadlands_PoppyFarm||CharterHill_PowerPlant||LittleChina_Q101Cyberspace||Coastview_q110Cyberspace||CorpoPlaza_q201Cyberspace||SouthBadlands_q201SpaceStation||RanchoCoronado||Badlands_RattlesnakeCreek||Badlands_RedPeaks||Arroyo_Red_Dirt||LittleChina_RiotClub||Badlands_RockyRidge||Coastview_RundownApartment||Badlands_SantaClara||Badlands_SierraSonora||Badlands_SoCalBorderCrossing||RanchoCoronado_Softsys||RanchoCoronado_Stylishly||Downtown_TheHammer||Arroyo_TireEmpire||LittleChina_TomsDiner||Northside_Totentaz||SouthBadlands_TrailerPark||LittleChina_VApartment||Badlands_VasquezPass||Coastview_VDBChapel||Coastview_VDBMaglev||LittleChina_VictorsClinic||VistaDelRey||JapanTown_VR_Tutorial||JapanTown_Wakakos_Pachinko_Parlor||Wellsprings||WestWindEstate||Glen_WichedTires||Northside_WNS||Badlands_Yucca||Badlands_YuccaGarage||Badlands_YuccaRadioTowe",
		"helper": "This trigger will be triggered when in a specific subdistrict",
		"helperTitle": "Map : Current Sub District"
	},
	{
		"name": "have_custom_mappin_placed",
		"helper": "This trigger will be triggered if a custom Map Pin is placed",
		"helperTitle": "Map : Custom Mappin Placed"
	},
	{
		"name": "have_custom_mappin_placed",
		"helper": "This trigger will be triggered when a custom active mappin is placed",
		"helperTitle": "Map : Custom Mappin Placed"
	},
	{
		"name": "have_fasttravel_mappin_placed",
		"helper": "This trigger will be triggered when a Fast active mappin is selected",
		"helperTitle": "Map : Fast Mappin Selected"
	},
	{
		"name": "3Dposition",
		"x": 0,
		"y": 0,
		"z": 0,
		"range": 0,
		"helper": "This trigger will be triggered when you are at this XYZ position (in the range)",
		"helperTitle": "Map : Position XYZ"
	},
	{
		"name": "interact_is_inprogress",
		"helper": "This trigger will be triggered when an action is in progress",
		"helperTitle": "Mod : Action is in progress"
	},
	{
		"name": "event_is_triggered",
		"tag": "myevent",
		"helper": "This trigger will be triggered when event is called",
		"helperTitle": "Mod : Event is Triggered"
	},
	{
		"name": "housing_edit_enable",
		"helper": "This trigger will be triggered when player is in Housing Mode",
		"helperTitle": "Mod : Housing Mode"
	},
	{
		"name": "item_looked_is_registered_in_current_house",
		"helper": "This trigger will be triggered when item looked is registred as housing placed item",
		"helperTitle": "Mod : Object Looked is registred as Housing Placed Item"
	},

	{
		"name": "entity_is_in_custom_room_type",
		"helper": "This trigger will be triggered when item looked is registred as housing placed item",
		"helperTitle": "Mod : Object Looked is registred as Housing Placed Item"
	},
	{
		"name": "money",
		"value": 500,
		"helper": "This trigger will be triggered when you has enough money",
		"helperTitle": "Money : has enough"
	},
	{
		"name": "npc_affinity",
		"value": "Judy",
		"score": 50,
		"helper": "This trigger will be triggered when you enough affinity with a specific npc",
		"helperTitle": "NPC : has enough affinity"
	},
	{
		"name": "npc_star_affinity",
		"value": 50,
		"helper": "This trigger will be triggered when you has enough affinity with the npc you has ask to join you ",
		"helperTitle": "NPC : the invited one has enough affinity"
	},
	{
		"name": "npc_phone_affinity",
		"value": 50,
		"helper": "This trigger will be triggered when you has enough affinity with the npc that you speak at phone",
		"helperTitle": "NPC : the phoned one has enough affinity"
	},
	{
		"name": "npc",
		"way": "phone",
		"value": "Judy",
		"way_help": "phone||speak||fixer",
		"value_help": "use value (write the Name) for phone or Speak or value (write a tag text) for fixer",
		"helper": "This trigger will be triggered when you talk with a specific NPC",
		"helperTitle": "NPC : who is talking"
	},
	{
		"name": "position",
		"x": 0,
		"y": 0,
		"range": 0,
		"helper": "This trigger will be triggered when you are at this XY position (in the range)",
		"helperTitle": "Player : At Position XY"
	},
	{
		"name": "player_gender",
		"value": "male",
		"helper": "This trigger will be triggered when player has expected gender (male||female)",
		"helperTitle": "Player : Gender"
	},
	{
		"name": "entity_gender",
		"value": "male",
		"tag": "blue01",
		"helper": "This trigger will be triggered when entity has expected gender (male||female)",
		"helperTitle": "Entity : Gender"
	},
	{
		"name": "player_lifepath",
		"value": 0,
		"help": "--  Corporate (0)||  Nomad (1)|| StreetKid (2)",
		"helper": "This trigger will be triggered when your life path math with the value",
		"helperTitle": "Player : has LifePath"
	},
	{
		"name": "player_reputation",
		"value": 50,
		"helper": "This trigger will be triggered when the player reputation is equal or higher to the value",
		"helperTitle": "Player : has Reputation"
	},
	{
		"name": "in_car_specific",
		"value": "delamain",
		"helper": "This trigger will be triggered when you are in a specific car that name contains the name in it's ID",
		"helperTitle": "Player : In a specific car"
	},
	{
		"name": "is_in_buyed_place",
		"helper": "This trigger will be triggered when you are in buyed custom place",
		"helperTitle": "Player : In buyed custom place"
	},
	{
		"name": "in_car",
		"helper": "This trigger will be triggered when you are in a car",
		"helperTitle": "Player : In car"
	},
	{
		"name": "is_in_custom_place",
		"helper": "This trigger will be triggered when you in a custom place",
		"helperTitle": "Player : In custom place"
	},
	{
		"name": "is_in_rented_place",
		"helper": "This trigger will be triggered when you are in a rented custom place",
		"helperTitle": "Player : In custom place who has a opened business"
	},
	{
		"name": "is_in_custom_room",
		"helper": "This trigger will be triggered when you are in a custom room",
		"helperTitle": "Player : In custom room"
	},
	{
		"name": "look_at_object",
		"value": "cofee",
		"helper": "This trigger will be triggered when you look a entity who has the (value) word in her name",
		"helperTitle": "Player : Look at "
	},
	{
		"name": "look_at_entity",
		"value": "cofee",
		"helper": "This trigger will be triggered when you look a entity who has the expected tag",
		"helperTitle": "Player : Look at "
	},
	{
		"name": "wanted_level",
		"value": 2,
		"helper": "This trigger will be triggered if the wanted level is higher or equals to",
		"helperTitle": "Player : Wanted Level"
	},
	{
		"name": "player_inbuilding",
		"helper": "This trigger will be triggered when player is inside",
		"helperTitle": "Player : in Building"
	},
	{
		"name": "player_have_combatstate",
		"value": 0,
		"help": "-- Default = 0|| InCombat = 1|| OutOfCombat = 2|| Stealth = 3",
		"helper": "This trigger will be triggered when you are in a specifc combat state",
		"helperTitle": "Player : in Combat State"
	},
	{
		"name": "player_in_poi",
		"tag": "",
		"district": "",
		"subdistrict": "",
		"iscar": false,
		"type": 1,
		"uselocationtag": false,
		"range": 5,
		"help": "tag is useful if you want select an poi who have tag and an specifc location in this poi, leave it to empty is not needed. Same for district,subdistrict. if you want an specific location, use uselocationtag. If you put current in district or subdisttrict it will take the current district or subdistrict",
		"helper": "This trigger will be triggered when a player is in custom Point Of Interest",
		"helperTitle": "Player : in POI"
	},
	{
		"name": "player_death",
		"helper": "This trigger will be triggered when you are dead",
		"helperTitle": "Player : is Dead"
	},
	{
		"name": "mission_fact",
		"value": "mymissionTag01",
		"helper": "This trigger will be triggered when you has complete a custom quest of IRP by her tag",
		"helperTitle": "Quest : (IRP) is Completed"
	},
	{
		"name": "quest_fact",
		"value": "q00_test",
		"help": " gameaffinity.json",
		"helper": "This trigger will be triggered when you has complete a quest of the game (by the fact)",
		"helperTitle": "Quest : Game Quest is completed"
	},
	{
		"name": "custom_condition",
		"value": "mycustomScore",
		"score": 50,
		"helper": "This trigger will be triggered when the custom score (value) has reach the score",
		"helperTitle": "Score : Custom Score"
	},
	{
		"name": "custom_condition_higher_or_equals",
		"value": "mycustomScore",
		"score": 50,
		"helper": "This trigger will be triggered when the custom score (value) is higher or equals to the score",
		"helperTitle": "Score : Custom Score higher or equals"
	},
	{
		"name": "custom_variable",
		"variable": "mycustomVariable",
		"key": "mycustomVariable",
		"value": "myvarvalue",
		"helper": "This trigger will be triggered when the value of the key of custom variable is the same that trigger value",
		"helperTitle": "Score : Custom Variable"
	},
	{
		"name": "gameVolume",
		"value": "SfxVolume",
		"score": 5,
		"help": "test if the game setting volume (MasterVolume||SfxVolume||DialogueVolume||MusicVolume||CarRadioVolume) is higher or equals to the score",
		"helper": "This trigger will be triggered when inGame Volume value is equal or higher to (score)",
		"helperTitle": "Sound : Game volume is at "
	},
	{
		"name": "soundmanager_isplaying",
		"channel": "music",
		"help": "test if the sound manager mod play currently channel",
		"helper": "This trigger will be triggered when SoundManager Mod specified channel is currently playing",
		"helperTitle": "Sound : Sound manager is playing "
	},
	{
		"name": "stat",
		"value": "Health",
		"score": 50,
		"helper": "This trigger will be triggered when your stat are equal or higher of the score",
		"helperTitle": "Stat : is Higher or equals to"
	},
	{
		"name": "statpool",
		"value": "Health",
		"score": 50,
		"perc": false,
		"helper": "This trigger will be triggered when your stat pool are equal or higher of the score",
		"helperTitle": "Stat Pool: is Higher or equals to"
	},
	{
		"name": "area_security_level",
		"value": 3,
		"helper": "This trigger will be triggered when player's area has the expected level(DEFAULT = 0|| SAFE = 1|| RESTRICTED = 2|| DANGEROUS = 3)",
		"helperTitle": "UI : Area Security Level"
	},
	{
		"name": "timer_is_finished",
		"helper": "This trigger will be triggered when a custom timer is finished",
		"helperTitle": "UI : Current Timer is finished"
	},
	{
		"name": "is_in_menu",
		"helper": "This trigger will be triggered player is in menu",
		"helperTitle": "UI : In Menu"
	},
	{
		"name": "is_in_specific_menu",
		"menu": "Hub",
		"helper": "This trigger will be triggered when player is in specific menu (NewGame||BoothMode||ClippedMenu||MainMenu||DeathMenu||E3EndMenu||FastTravel||FinalBoards||FindServers||Hub||NetworkBreach||PauseMenu||Stash||Vendor)",
		"helperTitle": "UI : In Specific Menu"
	},
	{
		"name": "metro_time_is_finished",
		"helper": "This trigger will be triggered when Metro Remaning Time Screen is at 0",
		"helperTitle": "UI : Metro Remaning Time is at 0"
	},
	{
		"name": "is_recording_mode_active",
		"helper": "This trigger will be triggered when recording mode HUD is active",
		"helperTitle": "UI : Recording Mode"
	},
	{
		"name": "time",
		"min": 800,
		"max": 1200,
		"helper": "This trigger will be triggered when time in game will be between min and max value (format HHMM)",
		"helperTitle": "UI : Time is between"
	},
	{

		"name": "player_current_gang",
		"value": "faction_mox",
		"helper": "This trigger will be triggered when current Gang tag of the player is same than value",
		"helperTitle": "Player : Current Gang"
	},
	{
		"name": "entity_is_in_custom_place_type",
		"tag": "judy",
		"value": 0,
		"help": "-- 0 : house|| 1 : bar|| 2 : nightclub|| 3 : restaurant|| 4 : shopping|| 5 : special",
		"helperTitle": "Entity : Is in Custom Place Type"
	},
	{
		"name": "entity_is_in_custom_room_type",
		"tag": "judy",
		"value": 0,
		"help": "-- 0 : drink|| 1 : eat|| 2 : do",
		"helperTitle": "Entity : Is in Custom Room Type"
	},
	{
		"name": "check_gang_relation",
		"tag": "faction_mox",
		"target": "faction_wraith",
		"mode": "gang",
		"operator": "=",
		"score": 10,
		"helper": "This action will check relation score between two gang (can be negative).\n If you put 'player' in tag field, it will take player's current Gang.\n Available Operator : < || <= || > || >= || != || = ",
		"helperTitle": "Gang : Set Relation toward gang"
	},
	{
		"name": "texture_is_visible",
		"tag": "judy01.png",
		"helper": "This action will test if an texture is currently visible or not",
		"helperTitle": "UI : Texture is visible"
	},
	{
		"name": "entity_script_level",
		"tag": "judy01",
		"operator": "=",
		"scriptlevel": 10,
		"helper": "This action will check the script level of an entity. \n Available Operator : < || <= || > || >= || != || = ",
		"helperTitle": "Entity : Check Script Level"
	},
	{
		"name": "group_script_level",
		"tag": "group01",
		"operator": "=",
		"scriptlevel": 10,
		"helper": "This action will check the script level of an group. Return true if all of the entities have the specified conditions. \n Available Operator : < || <= || > || >= || != || = ",
		"helperTitle": "Group : Check Script Level"
	},
	{
		"name": "datapack_is_enabled",
		"tag": "mydatapack",
		"helper": "This action will check if the selected datapack is enabled",
		"helperTitle": "Datapack : Is Enabled"
	},
	{
		"name": "datapack_version",
		"tag": "mydatapack",
		"value": "10.0.5",
		"helper": "This action will check the the selected datapack is outdated from the given version. Output: True if outdated, False if not outdated",
		"helperTitle": "Datapack : Check version"
	},
	{
		"name": "last_killed_entity_is_registred",

		"helper": "This action will check that the last killed entity is an scripted Entity",
		"helperTitle": "Entity : Last Killed Entity is Scripted Entity"
	},
	{
		"name": "last_killed_entity_is",
		"tag": "panam",
		"helper": "This action will check that the last killed entity is an scripted Entity who have the targeted tag",
		"helperTitle": "Entity : Last Killed Entity is XXX"
	},
	{
		"name": "last_killed_entity_is_in_gang",
		"helper": "This action will check that the last killed entity is in a gang",
		"helperTitle": "Entity : Last Killed Entity is in a Gang"
	},
	{
		"name": "last_killed_entity_is_in_specific_gang",
		"tag": "mygang",
		"helper": "This action will check that the last killed entity is in a specific gang",
		"helperTitle": "Entity : Last Killed Entity is in a specific Gang"
	},
	{
		"name": "last_killed_entity_gang_score",
		"score": 50,
		"operator": "=",
		"helper": "This action will check that the last killed entity have a specific gang score \n Available Operator : < || <= || > || >= || != || = ",
		"helperTitle": "Entity : Last Killed Entity have Gang score"
	},

	{
		"name": "check_score",
		"value": "myScore",
		"key": "myScoreKey",
		"score": 50,
		"operator": "=",
		"helper": "This action will check the targeted score key value \n Available Operator : < || <= || > || >= || != || = ",
		"helperTitle": "Score : Check Score"
	},
	{
		"name": "last_killed_entity_is_in_specific_gang",
		"value": "faction_sixthstreet",
		"helper": "This trigger will check if Last Killed entity is in an specific gang ",
		"helperTitle": "Entity : Last Killed entity is in an specific gang"
	},

	{
		"name": "last_killed_entity_is",

		"helper": "This trigger will check if last killed entity is an cybermod registred entity",
		"helperTitle": "Entity : Last Killed entity is entity"
	},

	{
		"name": "last_killed_entity",
		"helper": "This trigger will check the last killed enity exist ",
		"helperTitle": "Entity : last killed entity"
	},

	{
		"name": "last_killed_entity_is_in_gang",

		"helper": "This trigger will check if last killed entity is in a gang",
		"helperTitle": "Entity : last killed entity is in a gang"
	},
	{
		"name": "last_killed_entity_gang_score",
		"operator": "+",
		"score": 5,
		"helper": "his trigger will check if last killed entity is in a gang with affinity ",
		"helperTitle": "Entity : last killed entity is in a gang with affinity"
	},
	{
		"name": "if_entities_around_you",
		"filter": ["mox", "npc"],
		"range": 5,
		"helper": "this trigger will check for if there is an entity founded in the player's view in an determined range and filter. \n The filter will check in the name, display name and appearance of the entity \n leave filter at [] for take all. ",
		"helperTitle": "Entity : Entities around you"
	},

	{
		"name": "check_scannerdata_for_entity",
		"tag": "judy01",
		"prop": "reward",
		"operator": "=",
		"value": 5,
		"helper": "this trigger will check for an existing scanner data for an existing entity, an field. operator is for numerical field, value can be an text or an number depending of the tested field",
		"helperTitle": "Scanner : Check Custom Scanner Data for Entity"
	},

	{
		"name": "check_current_scannerdata",

		"prop": "reward",
		"operator": "=",
		"value": 5,
		"helper": "this trigger will check, for an current scanner data when scanner is active, an field. operator is for numerical field, value can be an text or an number depending of the tested field",
		"helperTitle": "Scanner : Check Active Scanner Data"
	},
	{
		"name": "check_variable",
		"variable": "mycustomVariable",
		"key": "mycustomVariable",
		"value": "myvarvalue",
		"operator": "=",
		"helper": "This trigger will be triggered when the value of the key of custom variable is the same that trigger value. Operator can be =, !=, contains, empty, notempty",
		"helperTitle": "Score : Custom Variable"
	},
	{
		"name": "entity_is_crowd",
		"tag": "judy01",
		"helper": "This trigger will check if the entity is crowd or not ",
		"helperTitle": "Entity :Is Crowd"
	},
	{
		"name": "entity_is_scanned",
		"tag": "judy01",
		"helper": "This trigger will check if the entity is already scanned or not ",
		"helperTitle": "Entity :Is Scanned"
	},
	
	{
		"name": "player_is_hit",

		"helper": "This trigger will be triggered when player is hit and the hit doesn't miss. (whatever is in godmode or not)",
		"helperTitle": "Player : Player is Hit"
	},
]