[{"userQuantity":4,"id":3,"tag":"militech_action","title":"Militech's Action","statut":1,"quantity":829672,"price":71228,"inflate":493065,"defaultStatut":0},{"userQuantity":0,"id":4,"tag":"netwatch_action","title":"Netwatch's Action","statut":1,"quantity":771751,"price":93185,"inflate":616365,"defaultStatut":0},{"userQuantity":0,"id":5,"tag":"irp_action","title":"IRP's Action","statut":1,"quantity":74470,"price":87883,"inflate":232152,"defaultStatut":0},{"userQuantity":0,"id":6,"tag":"kangtao_action","title":"KangTao's Action","statut":1,"quantity":524022,"price":4298,"inflate":110099,"defaultStatut":0},{"userQuantity":0,"id":7,"tag":"petro_chem","title":"PetroChem's Action","statut":1,"quantity":892852,"price":72942,"inflate":367065,"defaultStatut":0},{"userQuantity":0,"id":8,"tag":"action_soivoil","title":"SoivOil's Action","statut":1,"quantity":182209,"price":48942,"inflate":866897,"defaultStatut":0},{"userQuantity":0,"id":9,"tag":"action_biotechnica","title":"Biotechnica's Action","statut":1,"quantity":959185,"price":45526,"inflate":679968,"defaultStatut":0},{"userQuantity":0,"id":10,"tag":"action_infocomp","title":"InfoComp's Action","statut":1,"quantity":539770,"price":92735,"inflate":350589,"defaultStatut":0},{"userQuantity":0,"id":11,"tag":"tireempire_action","title":"Tire Empire","statut":1,"quantity":280722,"price":82881,"inflate":970999,"defaultStatut":0},{"userQuantity":0,"id":12,"tag":"autowerks_action","title":"American Autowerks","statut":1,"quantity":835429,"price":93884,"inflate":416670,"defaultStatut":0},{"userQuantity":0,"id":13,"tag":"choo2_action","title":"Choo2","statut":1,"quantity":100847,"price":40331,"inflate":742022,"defaultStatut":0},{"userQuantity":0,"id":14,"tag":"petrocorp_action","title":"Petrocorp","statut":1,"quantity":287940,"price":351,"inflate":40114,"defaultStatut":0},{"userQuantity":0,"id":15,"tag":"rever_action","title":"Revere Couriers","statut":1,"quantity":343434,"price":76359,"inflate":848165,"defaultStatut":0},{"userQuantity":0,"id":16,"tag":"cdpr_action","title":"CDPR","statut":1,"quantity":999999999,"price":1,"inflate":0,"defaultStatut":0},{"userQuantity":0,"id":17,"tag":"heavenmed_medical_center_action","title":"Heavenmed Medical Center","statut":1,"quantity":757268,"price":6495,"inflate":4275,"defaultStatut":0},{"userQuantity":0,"id":18,"tag":"kendachi_armaments","title":"Kendachi Armaments","statut":1,"quantity":946346,"price":96941,"inflate":654279,"defaultStatut":0},{"userQuantity":0,"id":19,"tag":"arasaka_action","title":"Arasaka Action","statut":1,"quantity":10000053,"price":31373,"inflate":530675,"defaultStatut":0}]